csv_index,first_name,last_name,full_name,company,company_domain,title,linkedin_url,twitter_url
296,Prateek,Agarwal,Prateek Agarwal,First Cheque,firstcheque.vc,,https://www.linkedin.com/in/fcwalaprateek/,https://twitter.com/FCwalaPrateek
308,Anindya,Ghoshal,Anindya Ghoshal,Hellman and Friedman,Hellman and Friedman,,https://www.linkedin.com/in/anindya-ghoshal,
320,Vinutha,Rallapalli,Vinutha Rallapalli,Innovex Capital,Innovex Capital,,https://www.linkedin.com/in/vinutha-naga-rallapalli-31808a67,
326,Siddesh,Choudhary,Siddesh Choudhary,Accel,accel.com,,https://www.linkedin.com/in/sid239/,
359,Aayushi,Shah,Aayushi Shah,ITI Growth Opportunities,itigo.in,,https://www.linkedin.com/in/aayushi-shah-78b28780/,
361,Ranopriyo,Choudhury,Ranopriyo Choudhury,Growth valley,growthvalley.in,,https://www.linkedin.com/in/ranopriyo-choudhury-853a1b9,
439,Rick,Gerson,Rick Gerson,Alpha Wave Global,alphawaveglobal.com,"Co-Founder, Chairman & Chief Executive Officer",https://www.linkedin.com/in/rick-gerson,
440,Navroz,D. Udwadia,Navroz D. Udwadia,Alpha Wave Global,alphawaveglobal.com,Co-Founder and Partner,https://www.linkedin.com/in/navroz-d-udwadia-bb9b3372,
446,MV,Subramanian,MV Subramanian,July Ventures,julyventures.com,General Partner,https://www.linkedin.com/in/mvsmani,
449,Shruti,Jain,Shruti Jain,Xeed Ventures,xeedvc.com,Principal,https://www.linkedin.com/in/shruti-jain-60661657,
452,Deepak,I. Shahdadpuri,Deepak I. Shahdadpuri,DSG Consumer Partners,dsgcp.com,Managing Director,https://www.linkedin.com/in/deepakishahdadpuri,https://x.com/dishahdadpuri
453,Manu,Rikhye,Manu Rikhye,Merak Ventures,merakventures.com,Partner,https://www.linkedin.com/in/manu-rikhye-b9b9391,
456,Piyush,Mathur,Piyush Mathur,Theia Ventures,theia-ventures.com,Venture Partner,https://www.linkedin.com/in/piyush-mathur-373125,
457,Rajat,Kedia,Rajat Kedia,Manjushree Ventures,manjushreeventures.com,"Managing Partner, Manjushree Ventures",https://www.linkedin.com/in/rajatkedia,
462,Anne,Dwane,Anne Dwane,Village Global,villageglobal.vc,General Partner,https://www.linkedin.com/in/dwane,https://x.com/adwane
463,Arjun,Malhotra,Arjun Malhotra,Investopad,investopad.com,Partner,https://www.linkedin.com/in/arjun-malhotra-investopad,
468,Gaurav,Gupta,Gaurav Gupta,C4D Partners,c4dpartners.com,Managing Partner,https://www.linkedin.com/in/gaurav-gupta-01767b13,
476,Kee,Lock CHUA,Kee Lock CHUA,Vertex Ventures SE Asia & India,vertexventures.sg,Managing Partner,https://www.linkedin.com/in/kee-lock-chua-663119,
477,Joo,Hock CHUA,Joo Hock CHUA,Vertex Ventures SE Asia & India,vertexventures.sg,Managing Partner,https://www.linkedin.com/in/joo-hock-chua-8b87181,
483,Kuo-Yi,Lim,Kuo-Yi Lim,Monk's Hill Venture,monkshill.com,founder,https://www.linkedin.com/in/limky,
484,Jenny,Fielding,Jenny Fielding,Everywhere Ventures,everywhere.vc,co-founder & GENERAL partner,https://www.linkedin.com/in/jennyfielding,
485,Scott,Hartley,Scott Hartley,Everywhere Ventures,everywhere.vc,co-founder & GENERAL partner,https://www.linkedin.com/in/scotthartley,
486,Vinay,Bansal,Vinay Bansal,Inflection Point Ventures,ipventures.in,Founder - IPV,https://www.linkedin.com/in/vinay-bansal-383b035,
487,Ankur,Mittal,Ankur Mittal,Inflection Point Ventures,ipventures.in,Co - Founder - IPV,https://www.linkedin.com/in/ankur-mittal-3ba773,
489,Srikrishna,Dwaram,Srikrishna Dwaram,True North,truenorth.co.in,"Co-Managing Partner, Private Equity",https://www.linkedin.com/in/srikrishna-dwaram-37682a1,
490,Jacqueline,Novogratz,Jacqueline Novogratz,Acumen,acumen.org,Founder and CEO of Acumen,https://www.linkedin.com/in/jacqueline-novogratz,
491,Monica,Brand Engel,Monica Brand Engel,Quona Capital,quona.com,MANAGING PARTNER,https://www.linkedin.com/in/monicabrandengel,
492,Jonathan,Whittle,Jonathan Whittle,Quona Capital,quona.com,MANAGING PARTNER,https://www.linkedin.com/in/jonathan-whittle-5a06a,
493,Tilman,Ehrbeck,Tilman Ehrbeck,Flourish Ventures,flourishventures.com,Managing Partner,https://www.linkedin.com/in/tilman-ehrbeck,
494,Alice,Bentinck,Alice Bentinck,Entrepreneur First,joinef.com,Cofounder and CEO,https://www.linkedin.com/in/alicebentinck,
495,Matt,Clifford,Matt Clifford,Entrepreneur First,joinef.com,Cofounder and Chair,https://www.linkedin.com/in/mattcliffordef,
496,Magnus,Grimeland,Magnus Grimeland,Antler,antler.co,Founder & Chief Executive Officer,https://www.linkedin.com/in/magnusgrimeland,
497,Fady,Abdel-Nour,Fady Abdel-Nour,Antler,antler.co,Partner,https://www.linkedin.com/in/fady-abdel-nour-cfa-6345993,
498,Sean,O'Sullivan,Sean O'Sullivan,SOSV,sosv.com,"Managing General Partner, SOSV",https://www.linkedin.com/in/sean-sosv,
499,Cyril,Ebersweiler,Cyril Ebersweiler,SOSV,sosv.com,"General Partner, SOSV & Managing Director, HAX",https://www.linkedin.com/in/cyrilebersweiler,https://x.com/cebersweiler
500,Shane,Chesson,Shane Chesson,Openspace Ventures,openspace.vc,Founding Partner,https://www.linkedin.com/in/shanechesson,
501,Hian,Goh,Hian Goh,Openspace Ventures,openspace.vc,Founding Partner,https://www.linkedin.com/in/hiangoh-ai-investor,
502,Vinnie,Lauria,Vinnie Lauria,Golden Gate Ventures,goldengate.vc,Founding Partner,https://www.linkedin.com/in/vincentlauria,https://x.com/vlauria
503,Jeffrey,Paine,Jeffrey Paine,Golden Gate Ventures,goldengate.vc,Founding Partner,https://www.linkedin.com/in/jeffreypaine,
504,Bryan,Yeo,Bryan Yeo,GIC Private Limited,gic.com.sg,Group Chief Investment Officer,https://www.linkedin.com/in/bryanyeokm,
505,Lim,Chow Kiat,Lim Chow Kiat,GIC Private Limited,gic.com.sg,Chief Executive Officer,https://www.linkedin.com/in/limchowkiat,
506,Eric,Mogelof,Eric Mogelof,KKR,kkr.com,Head of Global Client Solutions,https://www.linkedin.com/in/ericmogelof,
507,James,Brocklebank,James Brocklebank,Advent International,adventinternational.com,Managing Partner,https://www.linkedin.com/in/jamesbrocklebank,
509,Frank,Ehmer,Frank Ehmer,Apax Partners,apax.com,Partner,https://www.linkedin.com/in/frank-ehmer-a31169,
510,Nedu,Ottih,Nedu Ottih,Apax Partners,apax.com,Partner,https://www.linkedin.com/in/nedu-ottih-1007208,
511,Quinn,Li,Quinn Li,Qualcomm Ventures,qualcommventures.com,Senior Vice President & Global Head of Qualcomm Ventures,https://www.linkedin.com/in/liquinn,
512,Rama,Bethmangalkar,Rama Bethmangalkar,Qualcomm Ventures,qualcommventures.com,"Managing Director, India",https://www.linkedin.com/in/rama-bethmangalkar-1664a4,
513,Anthony,Lin,Anthony Lin,Intel Capital,intelcapital.com,Head of Intel Capital Corporate Vice President,https://www.linkedin.com/in/anthony-lin-林立中-0818371,
514,Andy,Fligel,Andy Fligel,Intel Capital,intelcapital.com,Senior Managing Director,https://www.linkedin.com/in/andy-fligel-018797,
515,Michelle,Gonzalez,Michelle Gonzalez,M12,m12.vc,"Corporate Vice President and Global Head, M12",https://www.linkedin.com/in/michellehgonzalez,
