Name,Company,Company Website,LinkedIn
Prateek Agarwal,First Cheque,https://www.firstcheque.vc/,https://www.linkedin.com/in/fcwalaprateek/
Anindya Ghoshal,Hellman and Friedman,,https://www.linkedin.com/in/anindya-ghoshal
Vinutha Rallapalli,Innovex Capital,,https://www.linkedin.com/in/vinutha-naga-rallapalli-31808a67
Siddesh Choudhary,Accel,https://www.accel.com/,https://www.linkedin.com/in/sid239/
Aayushi Shah,ITI Growth Opportunities,https://itigo.in/,https://www.linkedin.com/in/aayushi-shah-78b28780/
Ranopriyo Choudhury,Growth valley,https://growthvalley.in/,https://www.linkedin.com/in/ranopriyo-choudhury-853a1b9
Rick Gerson,Alpha Wave Global,https://www.alphawaveglobal.com/,https://www.linkedin.com/in/rick-gerson
Navroz D. Udwadia,Alpha Wave Global,https://www.alphawaveglobal.com/,https://www.linkedin.com/in/navroz-d-udwadia-bb9b3372
MV Subramanian,July Ventures,https://www.julyventures.com/,https://www.linkedin.com/in/mvsmani
Shruti Jain,Xeed Ventures,https://xeedvc.com/,https://www.linkedin.com/in/shruti-jain-60661657
Deepak I. Shahdadpuri,DSG Consumer Partners,https://www.dsgcp.com/,https://www.linkedin.com/in/deepakishahdadpuri
Manu Rikhye,Merak Ventures,https://merakventures.com/,https://www.linkedin.com/in/manu-rikhye-b9b9391
Piyush Mathur,Theia Ventures,https://www.theia-ventures.com/,https://www.linkedin.com/in/piyush-mathur-373125
Rajat Kedia,Manjushree Ventures,https://www.manjushreeventures.com/,https://www.linkedin.com/in/rajatkedia
Anne Dwane,Village Global,https://villageglobal.vc/,https://www.linkedin.com/in/dwane
Arjun Malhotra,Investopad,https://investopad.com/,https://www.linkedin.com/in/arjun-malhotra-investopad
Gaurav Gupta,C4D Partners,https://c4dpartners.com/,https://www.linkedin.com/in/gaurav-gupta-01767b13
Kee Lock CHUA,Vertex Ventures SE Asia & India,https://www.vertexventures.sg/,https://www.linkedin.com/in/kee-lock-chua-663119
Joo Hock CHUA,Vertex Ventures SE Asia & India,https://www.vertexventures.sg/,https://www.linkedin.com/in/joo-hock-chua-8b87181
Kuo-Yi Lim,Monk's Hill Venture,https://monkshill.com/,https://www.linkedin.com/in/limky
Jenny Fielding,Everywhere Ventures,https://www.everywhere.vc/,https://www.linkedin.com/in/jennyfielding
Scott Hartley,Everywhere Ventures,https://www.everywhere.vc/,https://www.linkedin.com/in/scotthartley
Vinay Bansal,Inflection Point Ventures,https://ipventures.in/,https://www.linkedin.com/in/vinay-bansal-383b035
Ankur Mittal,Inflection Point Ventures,https://ipventures.in/,https://www.linkedin.com/in/ankur-mittal-3ba773
Srikrishna Dwaram,True North,https://www.truenorth.co.in/,https://www.linkedin.com/in/srikrishna-dwaram-37682a1
Jacqueline Novogratz,Acumen,https://acumen.org/,https://www.linkedin.com/in/jacqueline-novogratz
Monica Brand Engel,Quona Capital,https://quona.com/,https://www.linkedin.com/in/monicabrandengel
Jonathan Whittle,Quona Capital,https://quona.com/,https://www.linkedin.com/in/jonathan-whittle-5a06a
Tilman Ehrbeck,Flourish Ventures,https://flourishventures.com/,https://www.linkedin.com/in/tilman-ehrbeck
Alice Bentinck,Entrepreneur First,https://www.joinef.com/,https://www.linkedin.com/in/alicebentinck
Matt Clifford,Entrepreneur First,https://www.joinef.com/,https://www.linkedin.com/in/mattcliffordef
Magnus Grimeland,Antler,https://www.antler.co/,https://www.linkedin.com/in/magnusgrimeland
Fady Abdel-Nour,Antler,https://www.antler.co/,https://www.linkedin.com/in/fady-abdel-nour-cfa-6345993
Sean O'Sullivan,SOSV,https://sosv.com/,https://www.linkedin.com/in/sean-sosv
Cyril Ebersweiler,SOSV,https://sosv.com/,https://www.linkedin.com/in/cyrilebersweiler
Shane Chesson,Openspace Ventures,https://www.openspace.vc/,https://www.linkedin.com/in/shanechesson
Hian Goh,Openspace Ventures,https://www.openspace.vc/,https://www.linkedin.com/in/hiangoh-ai-investor
Vinnie Lauria,Golden Gate Ventures,https://www.goldengate.vc/,https://www.linkedin.com/in/vincentlauria
Jeffrey Paine,Golden Gate Ventures,https://www.goldengate.vc/,https://www.linkedin.com/in/jeffreypaine
Bryan Yeo,GIC Private Limited,https://www.gic.com.sg/,https://www.linkedin.com/in/bryanyeokm
Lim Chow Kiat,GIC Private Limited,https://www.gic.com.sg/,https://www.linkedin.com/in/limchowkiat
Eric Mogelof,KKR,https://www.kkr.com/,https://www.linkedin.com/in/ericmogelof
James Brocklebank,Advent International,https://www.adventinternational.com/,https://www.linkedin.com/in/jamesbrocklebank
Frank Ehmer,Apax Partners,https://www.apax.com/,https://www.linkedin.com/in/frank-ehmer-a31169
Nedu Ottih,Apax Partners,https://www.apax.com/,https://www.linkedin.com/in/nedu-ottih-1007208
Quinn Li,Qualcomm Ventures,https://www.qualcommventures.com/,https://www.linkedin.com/in/liquinn
Rama Bethmangalkar,Qualcomm Ventures,https://www.qualcommventures.com/,https://www.linkedin.com/in/rama-bethmangalkar-1664a4
Anthony Lin,Intel Capital,https://www.intelcapital.com/,https://www.linkedin.com/in/anthony-lin-林立中-0818371
Andy Fligel,Intel Capital,https://www.intelcapital.com/,https://www.linkedin.com/in/andy-fligel-018797
Michelle Gonzalez,M12,https://m12.vc/,https://www.linkedin.com/in/michellehgonzalez
Darian Shirazi,Gradient Ventures,https://www.gradient.com/,https://www.linkedin.com/in/darian314
Zach Bratun-Glennon,Gradient Ventures,https://www.gradient.com/,https://www.linkedin.com/in/zachary-bratun-glennon-b4a16026
Lak Ananth,next47,https://next47.com/,https://www.linkedin.com/in/lananth
Matthew Cowan,next47,https://next47.com/,https://www.linkedin.com/in/matthewtcowan
Amit Chaturvedy,SE Ventures,https://se.ventures/,https://www.linkedin.com/in/amit-chaturvedy
Varun Jain,SE Ventures,https://se.ventures/,https://www.linkedin.com/in/jainvarun
Bill Gates,Breakthrough Energy Ventures,https://www.breakthroughenergy.org/,https://www.linkedin.com/in/williamhgates
Chris Sacca,Lowercarbon Capital,https://lowercarboncapital.com/,https://www.linkedin.com/in/chrissacca
Crystal Sacca,Lowercarbon Capital,https://lowercarboncapital.com/,https://www.linkedin.com/in/crystalenglishsacca
Abe Yokell,Congruent Ventures,https://www.congruentvc.com/,https://www.linkedin.com/in/abe-yokell
Joshua Posamentier,Congruent Ventures,https://www.congruentvc.com/,https://www.linkedin.com/in/posamentier
Nigel Morris,QED Investors,https://qedinvestors.com/,https://www.linkedin.com/in/nigelwmorris
Frank Rotman,QED Investors,https://qedinvestors.com/,https://www.linkedin.com/in/frank-rotman
Christoph Janz,Point Nine Capital,https://www.pointnine.com/,https://www.linkedin.com/in/christophjanz
Louis Coppey,Point Nine Capital,https://www.pointnine.com/,https://www.linkedin.com/in/louiscoppey
Saul Klein,LocalGlobe,https://www.localglobe.vc/,https://www.linkedin.com/in/saulklein
Robin Klein,LocalGlobe,https://www.localglobe.vc/,https://www.linkedin.com/in/robinklein
Reshma Sohoni,Seedcamp,https://seedcamp.com/,https://www.linkedin.com/in/reshmasohoni
Carlos Eduardo Espinal,Seedcamp,https://seedcamp.com/,https://www.linkedin.com/in/carloseduardoespinal
Dan Morehead,Pantera Capital,https://panteracapital.com/,https://www.linkedin.com/in/dmorehead
Paul Veradittakit,Pantera Capital,https://panteracapital.com/,https://www.linkedin.com/in/veradittakit
Matt Huang,Paradigm,https://www.paradigm.xyz/,https://www.linkedin.com/in/kmhuang
Alana Palmedo,Paradigm,https://www.paradigm.xyz/,https://www.linkedin.com/in/askorniakoffpalmedo
Sunil Kant Munjal,Hero Enterprise,https://www.heroenterprise.com/,https://www.linkedin.com/in/sunil-kant-munjal-555994199
Sanjiv Bajaj,Bajaj Labs / Bajaj Finserv Ventures,https://www.bajajfinserv.in/,https://www.linkedin.com/in/sanjiv-r-bajaj
Tushar Jain,Multicoin Capital,https://multicoin.capital/,https://www.linkedin.com/in/tjain251
Spencer Applebaum,Multicoin Capital,https://multicoin.capital/,https://www.linkedin.com/in/spencer-applebaum-bb6466108
G V Prasad,Dr Reddy's Ventures,https://www.drreddys.com/,https://www.linkedin.com/in/gvprasadster
Satish Reddy,Dr Reddy's Ventures,https://www.drreddys.com/,https://www.linkedin.com/in/satishreddy1
Vani Kola,TiE Bangalore Angels,https://bangalore.tie.org/,https://www.linkedin.com/in/vanikola
Ankita Vashistha,TiE Bangalore Angels,https://bangalore.tie.org/,https://www.linkedin.com/in/ankitavashistha
Srini Raju,TiE Hyderabad Angels,https://hyderabad.tie.org/,https://www.linkedin.com/in/srinivasacraju-156887135
Vipul Roongta,HDFC Capital,https://www.hdfccapital.com/,https://www.linkedin.com/in/vipul-roongta-44a42a2a
Mani Vembu,Zoho Investments,https://www.zoho.com/,https://www.linkedin.com/in/mani-vembu
Ajay Piramal,Piramal Family Office,https://www.piramal.com/,https://www.linkedin.com/in/ajaypiramal
Anand Piramal,Piramal Family Office,https://www.piramal.com/,https://www.linkedin.com/in/anand-piramal-ed-piramalgroup
Manoj Thakur,Hornbill Capital Advisers,https://hornbillcap.com/,https://www.linkedin.com/in/manoj-thakur-5522812
Sandeep Murthy,Lightbox Ventures,https://www.lightbox.vc/,https://www.linkedin.com/in/murthysandeep
Raveendranath Kamath,Kerala Angels,https://www.keralaangelnetwork.com/,https://www.linkedin.com/in/kamathr
Anjali Bansal,Avaana Capital,https://avaanacapital.com/,https://www.linkedin.com/in/anjali-bansal-8489091
Mr. Vikas Bhatt,NABVENTURES,https://nabventures.in/,https://www.linkedin.com/in/vikas-bhatt-162bb810
Kishore Ganji,Astir Ventures,https://astir.vc/,https://www.linkedin.com/in/kishoreganji
Deeksha Ahuja,Encubay Ventures,https://www.encubay.com/,https://www.linkedin.com/in/ahujadeeksha
Shivani Bhasin Sachdeva,India Alternatives,https://www.india-alt.com/,https://www.linkedin.com/in/shivani-bhasin-sachdeva-47234757
Darshan Gandhi,India Alternatives,https://www.india-alt.com/,https://www.linkedin.com/in/darshan-gandhi-26b10638
Netra Parikh,Headstart Network Foundation,https://www.headstart.in/,https://www.linkedin.com/in/netra-parikh-9354a81
Amit Singh,Headstart Network Foundation,https://www.headstart.in/,https://www.linkedin.com/in/startupamit
Gururaj Desh Deshpande,Deshpande Startups,https://www.deshpandefoundation.org/,https://www.linkedin.com/in/deshdeshpande
Vikas Bali,Intellecap,https://www.intellecap.com/,https://www.linkedin.com/in/vikas-bali-59351b
Ashim Ranu,Intellecap,https://www.intellecap.com/,https://www.linkedin.com/in/ashim-ranu-a26783a
Anish Shah,Mahindra Sparkle,https://www.mahindra.com/,https://www.linkedin.com/in/anishdshah
DR. ABHISHEK PAREEK,AIC Banasthali,https://aicbanasthali.org/,https://www.linkedin.com/in/dr-abhishek-pareek-441034a
DR. LATIKA DHURIA,AIC Banasthali,https://aicbanasthali.org/,https://www.linkedin.com/in/dr-latika-dhuria-24618829
Sailesh Tulshan,021 Capital,https://021.capital/,https://www.linkedin.com/in/st5
Abhishant Pant,Aagama Ventures,https://aagama.vc/,https://www.linkedin.com/in/abhishantpant
Shubhanga Prasad,Aagama Ventures,https://aagama.vc/,https://www.linkedin.com/in/shubhangaprasad
Jay Desai,Allvest,https://www.allvest.co/,https://www.linkedin.com/in/jay-desai-ab82753b2
Amit Bansal,Allvest,https://www.allvest.co/,https://www.linkedin.com/in/amit-bansal-0802394
Vishal Bakshi,Avatar Growth Capital,https://www.avatargcp.com/,https://www.linkedin.com/in/vishal-bakshi-52927b
Abhay Havaldar,Avatar Growth Capital,https://www.avatargcp.com/,https://www.linkedin.com/in/abhay-havaldar-a4a46523
Zubin Mehta,Breathe Capital,https://breathecap.com/,https://www.linkedin.com/in/zubin-mehta-a4bbb81
Shauraya Bhutani,Breathe Capital,https://breathecap.com/,https://www.linkedin.com/in/shaurayab
Rahul Mahipal,Capitar Ventures,https://capitar.in/,https://www.linkedin.com/in/mahipalrahul
Davesh Manocha,CDM Capital,https://cdmcapital.in/,https://www.linkedin.com/in/daveshmanocha
Vidhi Jain,CDM Capital,https://cdmcapital.in/,https://www.linkedin.com/in/vidhijain1304
Sri Purisai,Chakra Fund,https://chakra.fund/,https://www.linkedin.com/in/sripurisai
Maya Gadhvi,Chakra Fund,https://chakra.fund/,https://www.linkedin.com/in/mayapgadhvi
Mr. Ajit Deshmukh,Equirus Ventures,https://equirus.vc/,https://www.linkedin.com/in/ajit-deshmukh-9020502a
Mr. Krishna Jha,Equirus Ventures,https://equirus.vc/,https://www.linkedin.com/in/krishnajha
Aditya Parekh,Faering Capital,https://www.faeringcapital.com/,https://www.linkedin.com/in/aditya-parekh-7333901a
Anil Saldanha,Fundalogical Ventures,https://fundalogical.com/,https://www.linkedin.com/in/anil-saldanha-721bb51b5
Shrikant Goyal,GetFive,https://getfive.in/,https://www.linkedin.com/in/shrikant-goyal
Ravi Kapoor,Indusbridge Ventures,https://www.indusbridgeventures.com/,https://www.linkedin.com/in/ravi-kapoor-5547a896
Rahul Devjani,Indusbridge Ventures,https://www.indusbridgeventures.com/,https://www.linkedin.com/in/rahul-devjani-59b133
Jasmeet Chhabra,IXP Lifesciences,https://ixplifesciences.com/,https://www.linkedin.com/in/jasmeet-singh-chhabra-1892721
Krishnakumar Natarajan,Mela Ventures,https://melaventures.in/,https://www.linkedin.com/in/krishnakumarnatarajan
Narayanan Muralidharan,Morphosis Ventures,https://www.morphosisvc.in/,https://www.linkedin.com/in/narayanan-muralidharan-8ba51651
Kartik Chandra,Morphosis Ventures,https://www.morphosisvc.in/,https://www.linkedin.com/in/kartikchandra
Dayakar Puskoor,Naya Ventures,https://nayaventures.com/,https://www.linkedin.com/in/dayakarp
Aditya Kedia,Pivot Ventures,https://www.pivotventures.in/,https://www.linkedin.com/in/aditya-kedia-7257181b5
Mr. Pankaj Razdan,Revanta Capital,https://revantacapital.com/,https://www.linkedin.com/in/pankajrazdan
Mr. Vikas Gautam,Revanta Capital,https://revantacapital.com/,https://www.linkedin.com/in/vikas-gautam-5304407
Ghanshyam Ahuja,Thinkuvate,https://thinkuvate.com/,https://www.linkedin.com/in/ghanshyam-ahuja-1147487
Addison Appu,Thinkuvate,https://thinkuvate.com/,https://www.linkedin.com/in/addison-appu-6a9a34a
Shylaja Rao,Ventana Ventures,https://www.ventanaventures.in/,https://www.linkedin.com/in/shylaja-rao-3a830b15
Poornima Nayak,Ventana Ventures,https://www.ventanaventures.in/,https://www.linkedin.com/in/poornima-g-nayak
Shapath Parikh,White Whale,https://www.whitewhale.in/,https://www.linkedin.com/in/shapath-parikh-759211
Kunal Vora,White Whale,https://www.whitewhale.in/,https://www.linkedin.com/in/kunal-vora-65b427
Ishpreet Singh Gandhi,Stride Ventures,https://strideventures.in,https://www.linkedin.com/in/ishpreet-singh-gandhi-539893b
Vaibhav Domkundwar,Better Capital,https://bettercapital.vc/,https://www.linkedin.com/in/better
Rahul Chandra,Arkam Ventures,https://arkam.vc,https://www.linkedin.com/in/rahulchandra
Bala Srinivasa,Arkam Ventures,https://arkam.vc,https://www.linkedin.com/in/bala-srinivasa-454646
Ashis Nayak,Shastra VC,https://shastravc.com,https://www.linkedin.com/in/ashisnayak19
Avijeet Alagathi,Shastra VC,https://shastravc.com,https://linkedin.com/in/avialagathi
Suraj Juneja,FreeFlow Ventures,https://freeflowvc.com,https://linkedin.com/in/suraj-juneja-615488a
Aaquib Hussain,FreeFlow Ventures,https://freeflowvc.com,https://linkedin.com/in/aaquibh
Neeraj Arora,Venture Highway,https://venturehighway.vc,https://www.linkedin.com/in/neerajarora
Priya Mohan,Venture Highway,https://venturehighway.vc,https://www.linkedin.com/in/priyamohan246
Manu Chandra,Sauce.vc,https://sauce.vc/,https://www.linkedin.com/in/manuchandra
Ash Lilani,Saama,https://www.saama.com/,https://www.linkedin.com/in/ashlilani
Suresh Shanmugham,Saama,https://www.saama.com/,https://www.linkedin.com/in/sureshshanmugham
Rohini Prakash,Tomorrow Capital,https://tomorrowcapital.vc,https://in.linkedin.com/in/rohini-prakash-472b654
Anand Prasanna,Iron Pillar,https://ironpillar.com,https://www.linkedin.com/in/anand-prasanna-6bb0052
Venkat Vallabhaneni,Inflexor Ventures,https://inflexor.com/,https://www.linkedin.com/in/vallabhanenivenkat
Jatin Desai,Inflexor Ventures,https://inflexor.com/,https://www.linkedin.com/in/jatin-desai-b47b183
Sanjay Nayar,Sorin Investments,https://www.sorininvestments.com/,https://www.linkedin.com/in/sanjay-nayar-bb505136
Jayshree Kanther Patodi,Enzia Ventures,https://enziaventures.com,https://linkedin.com/in/jayshreekanther
Pratekk Agarwaal,GrowthCap Ventures,https://growthcapvc.com,https://www.linkedin.com/in/pratekk
Divyanshi Chowdhary,DeVC,https://devc.in,https://www.linkedin.com/in/deechowdhary
Sasha Mirchandani,Kae Capital,https://kaecapital.com/,https://www.linkedin.com/in/sasha-mirchandani-81a48913
Rehan Yar Khan,Orios Venture Partners,https://oriosventurepartners.com,https://www.linkedin.com/in/rehanyarkhan
Alok Goyal,Stellaris Venture Partners,https://www.stellarisvp.com/,https://www.linkedin.com/in/alok-goyal-536557
Rahul Chowdhri,Stellaris Venture Partners,https://www.stellarisvp.com/,https://www.linkedin.com/in/rahulchowdhri
Vishal Mehta,Lok Capital,https://www.lokcapital.com/,https://www.linkedin.com/in/vishalmehta3
Venky Natarajan,Lok Capital,https://www.lokcapital.com/,https://www.linkedin.com/in/venky-natarajan-7805
Kunal Khattar,AdvantEdge Founders,https://advantedgefounders.com,https://linkedin.com/in/kkhattar
Sandiip Bhammer,Green Frontier Capital,https://www.greenfrontiercapital.com/,https://www.linkedin.com/in/sandiip-bhammer-94953614
Iain Shovlin,Guild Capital,https://guild.capital/,https://www.linkedin.com/in/iain-shovlin-b3923
Gautam Patel,Z3Partners,https://z3partners.com/,https://linkedin.com/in/gautam-patel-288b3a8
Rishi Maheshwari,Z3Partners,https://z3partners.com/,https://www.linkedin.com/in/rishi-maheshwari-3166b116
Abhishek Agarwal,Appreciate Capital,https://appreciatecapital.vc/,https://linkedin.com/in/aggyabhishek
Sujit Kunte,Spiral Ventures Pte. Ltd.,https://spiral.vc,https://www.linkedin.com/in/sujit-kunte
Anisha Ramakrishnan,Wami Capital - Single Family Office,https://wamicapital.com/,https://ae.linkedin.com/in/anisha-ramakrishnan-1a61785b
Akshat Chaudhary,3 Peaks Ventures,https://3peaksventures.com/,https://linkedin.com/in/akshat-chaudhary-a1388189
Shilpin Tater,Superb Capital,https://superbcapital.vc,https://www.linkedin.com/in/shilpin-tater-baa25013
Dhianu Das,Agility Ventures,https://agilityventures.vc,https://www.linkedin.com/in/dhianu
Dhruv Dhanraj Bahl,Eternal Capital (India),https://eternalcapital.in/,https://linkedin.com/in/dhruv-dhanraj-bahl-3857a033
Rohit Bafna,888vc,,https://www.linkedin.com/in/iamrohitbafna
Satya Bansal,Blue Ashva Capital,https://blueashva.com,https://www.linkedin.com/in/satyabansal
Richard Avery-Wright,1818 Venture Capital,https://1818vc.com,https://www.linkedin.com/in/richard-avery-wright
Virginia Tan,Teja Ventures,https://www.tejaventures.com/,https://www.linkedin.com/in/virginia-tan-a58b6b14
Jonathan Sun,UpsideDown VC,https://upsidedownvc.com,https://linkedin.com/in/jonathan-sun-652541131
Peter Livingston,Unpopular Ventures,https://unpopularventures.com/,https://www.linkedin.com/in/pliv
Aditya Kathpalia,Orbit Startups,https://orbitstartups.com/,https://www.linkedin.com/in/akathpalia/
Abhijit Ray,Unitus Capital,https://unituscapital.com/,https://linkedin.com/in/abhijit-ray-0697b47
Kylie Charlton,Unitus Capital,https://unituscapital.com/,https://www.linkedin.com/in/kyliecharlton
Mukesh Sharma,Menterra Ventures,https://www.menterra.com/,https://www.linkedin.com/in/mukesh-sharma-ca-cfa-9b09475
Paul Basil,Menterra Ventures,https://www.menterra.com/,https://www.linkedin.com/in/paul-basil-73736a12
Gopal Jain,Gaja Capital,https://gajacapital.com/,https://www.linkedin.com/in/gopal-jain-432269
Manish Kejriwal,Kedaara Capital,https://kedaaracapital.com,https://www.linkedin.com/in/manish-kejriwal-1a7336
Sunish Sharma,Kedaara Capital,https://kedaaracapital.com,https://www.linkedin.com/in/sunishsharma
Abhishek Agarwal,OperatorVC,https://operatorvc.com/OperatorVC-8a33376dede541f08d7d4bfc1a963d68,https://linkedin.com/in/aggyabhishek
Sameer Guglani,Supermorpheus,https://supermorpheus.com/,https://linkedin.com/in/sameerguglani
Arunav Gupta,Wavelaunch VC,https://wavelaunchvc.com,https://linkedin.com/in/arunavv
Pankaj Makkar,Bertelsmann India Investments,https://bertelsmann-india.com,https://in.linkedin.com/in/pankajmakkar
Raja Kumar,Ascent Capital,https://ascentcapital.in/,https://linkedin.com/in/raja-kumar-455b7245
Darshan Engineer,Narotam Sekhsaria Family Office,https://nsfoundation.in,https://linkedin.com/in/darshan-engineer-0b5258375
Sumeet Narang,Samara Capital,https://samaracapital.in/,https://in.linkedin.com/in/sumeet-narang111
Nirali Solani,Chona Family Office,https://chonafamily.com,https://linkedin.com/in/nirali-solani-83105a4b
Gautam Ashra,MGA Ventures,https://mgaventures.com/,https://www.linkedin.com/in/gautam-ashra-32b04483
Jay Desai,MGA Ventures,https://mgaventures.com/,https://linkedin.com/in/jaydesai91
Surya Chadha,Madison India Capital,https://madisonindia.com,https://www.linkedin.com/in/suryachadha
Ankur Pahwa,PeerCapital,https://peercapital.vc,https://www.linkedin.com/in/ankur-pahwa-201b5083
Karthik Prabhakar,PeerCapital,https://peercapital.vc,https://www.linkedin.com/in/karthikprabhakar
Nishtha Sethi,The Venture Folks,https://theventurefolks.com,https://in.linkedin.com/in/nishtha-sethi
Abhishek Goenka,RPSG Capital Ventures,https://rpsgcapital.com/,https://www.linkedin.com/in/abhishekgoenka
Mihir Joshi,GVFL Limited,https://gvfl.com/,https://linkedin.com/in/mihirjoshi-mj
Ganapathy Venugopal,Axilor Ventures,https://www.axilor.com/,https://www.linkedin.com/in/ganapathy-venugopal-3729ba4a
Sarath Naru,VenturEast,https://ventureast.net,https://linkedin.com/in/sarathnaru
Sushil Sharma,Marwari Catalysts,https://www.marwaricatalysts.com/home.php,https://www.linkedin.com/in/sushilsharmamcats
Amit Sharma,Tanas Capital,https://tanascapital.com,https://sg.linkedin.com/in/aamitsharma
Srinivasa Rao Sureddi,GUSEC,https://gusec.edu.in/,https://linkedin.com/in/srinivasa-rao-sureddi-a4a14a68
Chetan Mehta,AUM Ventures,https://aumventures.com,https://www.linkedin.com/in/chetanmehta-aumvc
Priya Ramachandran,Foster Ventures,https://fosterventures.com,https://www.linkedin.com/in/sivapriyaramachandran
Dhianu Das,Alfa Ventures,https://alfaventures.com,https://www.linkedin.com/in/dhianu
Brijesh Damodaran Nair,Auxano Capital,https://auxanocapital.com/,https://www.linkedin.com/in/brijeshdamodaran
Visa Kannan,Saison Capital,https://saisoncapital.com,https://linkedin.com/in/visalakshi-kannan
Chris Kaptein,Integra Partners,https://integra.partners,https://www.linkedin.com/in/chriskaptein
Ankur Shrivastava,Momentum Capital,https://www.hugedomains.com/domain_profile.cfm?d=momentumcap.com,https://www.linkedin.com/in/srivast
Tarun Bhargava,AC Ventures,https://acventures.vc/,https://www.linkedin.com/in/tarun-bhargava-90316421
Kanwal Rekhi,Silicon Valley Quad (SVQ),https://svquad.vc,https://linkedin.com/in/kanwalrekhi
Rahul Chowdhury,N+1 Capital,https://nplus1.capital,https://www.linkedin.com/in/rahulchowdhuryds
Ashish Singla,N+1 Capital,https://nplus1.capital,https://www.linkedin.com/in/ashishsingla1
Karan Mohla,B Capital,https://bcapgroup.com/,https://www.linkedin.com/in/karan-mohla-153998
Avantika Mandhani,Anay Ventures,,https://www.linkedin.com/in/avantika-mandhani-b18b11105
Manish Kheterpal,WaterBridge Ventures,https://waterbridge.vc/,https://www.linkedin.com/in/mkheterpal
Karthik Bhat,Force Ventures,https://force.vc,https://linkedin.com/in/karthik-bhat-8221b61
Apoorva Ranjan Sharma,9Unicorns,https://9unicorns.com,https://www.linkedin.com/in/drapoorvsharma
Shanti Mohan,LetsVenture,https://www.letsventure.com/,https://linkedin.com/in/shantimohanlv
Nandini Mansinghka,Mumbai Angels Network,https://www.mumbaiangels.com/,https://www.linkedin.com/in/nandinimansinghka
Sushanto Mitra,Lead Angels,https://leadangels.in/,https://in.linkedin.com/in/sushantomitra
Raghav Kanoria,Calcutta Angels Network,https://calcuttaangels.com,https://www.linkedin.com/in/raghav-kanoria-30195412
Sanjeev Bikhchandani,Info Edge Ventures,https://www.infoedge.com/,https://www.linkedin.com/in/sanjeev-bikhchandani-501261
Chinmaya Sharma,Info Edge Ventures,https://www.infoedge.com/,https://www.linkedin.com/in/chinmaya-sharma
Nishant Verman,Flipkart Ventures,https://stories.flipkart.com/,https://www.linkedin.com/in/nishantverman
Amey Mashelkar,JioGenNext,https://www.jiogennext.com/,https://linkedin.com/in/amey-mashelkar-20239a4
Parag Shah,Mahindra Partners,https://www.mahindrapartners.com,https://in.linkedin.com/in/parag-shah-1b96597
Deep Verma,Tiger Global Management,https://www.tigerglobal.com/,https://www.linkedin.com/in/deep-varma-1727987
Badri Pillapakkam,Omidyar Network India,https://omidyarnetwork.in,https://www.linkedin.com/in/badripillapakkam
Jeremy Fritzhand,VentureStudio,https://venturestudio.in,https://linkedin.com/in/fritzhand
Micky Malka,Ribbit Capital,https://www.ribbitcap.com/,https://www.linkedin.com/in/meyermalka
Khaled Jalanbo,Valia Ventures,https://valiaventures.com/,https://www.linkedin.com/in/khaled-jalanbo
Morgan Schwanke,Mana Ventures,https://manaventures.com/,https://www.linkedin.com/in/morganschwanke
Elizabeth Yin,Hustle Fund,https://www.hustlefund.vc/,https://www.linkedin.com/in/elizabethyin
David Haddad,Superscout,https://superscout.vc/,https://linkedin.com/in/davidhaddad
Sanjeev Kumar Shrivastava,Canbank Venture Capital Fund,https://www.canbankventure.com,https://www.linkedin.com/in/sanjeev-kumar-shrivastava-5b270b101
V. Anish Babu,IFCI Venture Capital Funds,https://www.ifciventure.com/,https://www.linkedin.com/in/anish-babu-39157719
Puneet Nanda,ICICI Venture,https://www.iciciventure.com,https://in.linkedin.com/in/puneet-nanda-3b643467
S. Sriniwasan,Kotak Private Equity,https://www.kotak.com/,https://linkedin.com/in/srini-sriniwasan-4250016
Lee FitzGerald,Patamar Capital,https://patamar.com/,https://linkedin.com/in/lee-fitzgerald-433964148
Ravi Mehta,Steadview Capital,https://www.steadview.com/,https://www.linkedin.com/in/ravi-mehta-29644826
Takeshi Ebihara,Rebright Partners,https://rebrightpartners.com/,https://www.linkedin.com/in/ebihara
Rajan Anandan,Surge,https://surge.com/,https://linkedin.com/in/rajan-anandan-2481b814
Jared Friedman,Y Combinator,https://www.ycombinator.com/,https://www.linkedin.com/in/jaredfriedman
Amit Anand,Jungle Ventures,https://www.jungle.vc/,https://www.linkedin.com/in/amit-anand-6b72903
Paul Santos,Wavemaker Partners,https://wavemaker.vc/,https://www.linkedin.com/in/b-paul-santos-b18a052
Yinglan Tan,Insignia Ventures Partners,https://www.insignia.vc/,https://linkedin.com/in/yinglantan
Supriya Singh,JAFCO Asia,https://www.jafco.asia,https://linkedin.com/in/supriya-singh-79789215
Vishal Gupta,Bessemer Venture Partners,https://www.bvp.com/,https://linkedin.com/in/vishalguptabvp
Apoorve Goyal,Prosus Ventures,https://www.prosus.com/,https://www.linkedin.com/in/apoorve-goyal-67967797
Ravi Lambah,Temasek,https://www.temasek.com.sg/,https://www.linkedin.com/in/ravi-lambah-7b95a7a3
Sumer Juneja,SoftBank Investment Advisers,https://group.softbank/,https://www.linkedin.com/in/sumer-juneja-48288626
JP Lee,SoftBank Ventures Asia,https://www.softbank.com,https://www.linkedin.com/in/jplee01
Nikhil Sachdev,Insight Partners,https://www.insightpartners.com/,https://www.linkedin.com/in/nikhilsachdev
Narendra Ostawal,Warburg Pincus,https://warburgpincus.com/,https://www.linkedin.com/in/narendra-ostawal-4658b41
Amit Jain,Carlyle Group,https://www.carlyle.com/,https://linkedin.com/in/amit-jain-3227088
Brahmal Vasudevan,Creador,https://www.creador.com/,https://www.linkedin.com/in/brahmal-vasudevan-0242ab70
Shilpa Kumar,British International Investment,https://www.bii.co.uk/,https://www.linkedin.com/in/shilpankumar
Vincent Vandenbussche,Proparco,https://www.proparco.fr/fr,https://linkedin.com/in/vincent-vandenbussche-656a6039
Prachi Windlass,Michael & Susan Dell Foundation,https://www.dell.org/,https://www.linkedin.com/in/prachi-jain-windlass-426148
Snehal Deshpande,Samsung Ventures,https://www.samsungventures.com/,https://www.linkedin.com/in/snehal-deshpande-19a7422a
Abhijeet Muzumdar,Amazon Smbhav Venture Fund,https://www.aboutamazon.in/,https://www.linkedin.com/in/abhijeetmuzumdar
Alex Manson,SC Ventures,https://www.sc.com/en/about/innovation/sc-ventures/,https://www.linkedin.com/in/alex-manson-919a8310a
Pawan Chaturvedi,Unilever Ventures,https://www.unileverventures.com/,https://www.linkedin.com/in/pawan-chaturvedi-b0058620
Srini Vudayagiri,Brand Capital,https://brandcapital.co.in/,https://linkedin.com/in/srinivudayagiri
Nitish Mittersain,Nazara Ventures,https://www.nazara.com/,https://www.linkedin.com/in/mittersain
Yoko Fukata,Sony Innovation Fund,https://www.sonyinnovationfund.com/,https://www.linkedin.com/in/yoko-fukata-94633a173
Padmaja Ruparel,IAN Fund,https://www.ianfund.com,https://www.linkedin.com/in/padmajaruparel
Rajnish Kapur,IAN Fund,https://www.ianfund.com,https://linkedin.com/in/kapurrajnish
Priyanka Agarwal Chopra,CIIE.CO,https://ciie.co,https://in.linkedin.com/in/priyanka-agarwal-chopra
Kavikrut,T-Hub,https://www.t-hub.co/,https://www.linkedin.com/in/kavikrut
C. V. Jawahar,CIE IIIT Hyderabad,https://cie.iiit.ac.in/,https://www.linkedin.com/in/cv-jawahar-849376318
Kalpesh Kikani,Piramal Alternatives,https://www.piramal.com/,https://www.linkedin.com/in/kalpesh-kikani-5275901b3
Darius Pandole,JM Financial Private Equity,https://www.jmfl.com/,https://www.linkedin.com/in/darius-pandole-8348a3180
Shreyansh Singh,Polygon Ventures,https://polygon.technology/,https://www.linkedin.com/in/shreyansh-singh-69b289aa
Pranav Sharma,Woodstock Fund,https://woodstock.fund,https://www.linkedin.com/in/pranav-sharma-7a05b13
Himanshu Yadav,Woodstock Fund,https://woodstock.fund,https://linkedin.com/in/hyws
T. S. Anantakrishnan,Varanium Capital Advisors,https://varanium.com/,https://www.linkedin.com/in/t-s-anantakrishnan-46a358
Aparajit Bhandarkar,Varanium Capital Advisors,https://varanium.com/,https://www.linkedin.com/in/aparajit-bhandarkar-7004671
Anoop Ambika,Kerala Startup Mission,https://startupmission.kerala.gov.in/,https://linkedin.com/in/anoopambika
Sameer Nath,IIFL Seed Venture Fund / IIFL PE,https://www.iifl.com/,https://www.linkedin.com/in/sameer-nath-089698109
Sumegh Bhatia,Lighthouse Canton,https://www.lighthouse-canton.com/,https://in.linkedin.com/in/sumeghbhatia
Suranjana Ghosh,Marico Growth Ventures,https://marico.com/global,https://www.linkedin.com/in/suranjanaghosh
Himanshu Kapoor,PayU Ventures,https://payu.in/,https://linkedin.com/in/himanshu-kapoor-93896b18
Mayank Shiromani,Mitsubishi UFJ Capital,https://www.mucap.co.jp/,https://linkedin.com/in/mayankshiromani
Srinivas Ramanujam,Villgro,https://villgro.org/,https://linkedin.com/in/srinivas1729
Tamaswati Ghosh,IIT Madras Incubation Cell,https://www.incubation.iitm.ac.in,https://www.linkedin.com/in/tamaswati
Ashutosh Agnihotri,SIIC IIT Kanpur,https://siic.iitk.ac.in,https://www.linkedin.com/in/ashutoshagnihotri/
Saumya Kumar,ISB DLabs / CEL,https://cel.isb.edu,https://www.linkedin.com/in/saumyakumarisb
Chintan Bakshi,Startup Oasis,https://startupoasis.in,https://www.linkedin.com/in/chintanbakshi
Vish Sahasranamam,Forge Innovation & Ventures,https://www.forgeforward.in/,https://www.linkedin.com/in/vishforge
K. Suresh Kumar,PSG-STEP,https://psgstep.org,https://linkedin.com/in/k-suresh-kumar-0b3ab29
Tejbanta S. Chingtham,AIC-SMU Technology Business Incubation Foundation,https://www.smu.edu.in/,https://www.linkedin.com/in/tej-chingtham
Alok Mittal,TiE Delhi-NCR Angels,https://delhi.tie.org/,https://linkedin.com/in/alok-mittal-590a
Apoorva Ranjan Sharma,TiE Mumbai Angels,https://mumbai.tie.org/,https://www.linkedin.com/in/drapoorvsharma
Shankar V,TiE Chennai Angels,https://chennai.tie.org/,https://www.linkedin.com/in/shankarcams
Vineet Chadha,Tata Capital Innovations,https://www.tatacapital.com/,https://www.linkedin.com/in/vineetchadhacfa
Immanuvel Ganesan,NABKISAN Finance / NABARD ecosystem,https://www.nabard.org/Hindi/Default.aspx,https://www.linkedin.com/in/immanuvel-ganesan-28494172
Ali Wasti,Wipro Ventures,https://www.wipro.com/,https://www.linkedin.com/in/aliwasti
Girish Mathrubootham,Freshworks Capital,https://www.freshworks.com/,https://www.linkedin.com/in/girish1
Abhinav Asthana,Postman Capital,https://www.postman.com/,https://www.linkedin.com/in/abhinavasthana
Krish Subramanian,Chargebee Investments,https://www.chargebee.com/,https://www.linkedin.com/in/krishs
Shyam Mundhada,Infosys Innovation Fund,https://www.infosys.com/,https://linkedin.com/in/shyam-mundhada-5151001
Anil Sharma,TCS Co-Innovation / TCS Ventures,https://www.tcs.com/,https://www.linkedin.com/in/tcs-anilsharma
Sachin Varshney,HCL Software Investments,https://www.hcltech.com,https://linkedin.com/in/sachinvarshney
Saurabh Dwivedi,Persistent Ventures,https://www.persistent.com/,https://linkedin.com/in/saurabhdwivedipersistentsystems
Jishnu Batabyal,Godrej Family Office,,https://www.linkedin.com/in/jishnu-batabyal-a0276311
Kapil Agarwal,Bharti Family Office,,https://in.linkedin.com/in/kapilagarwal1
Subodh Gupta,Goenka Family Office,,https://www.linkedin.com/in/subodhg
Akash Prakash,Amansa Holdings,https://www.amansacapital.com/,https://www.linkedin.com/in/akash-prakash-0899b93b
P. V. Harikrishnan,KITVEN,https://www.hugedomains.com/domain_profile.cfm?d=kitven.com,https://in.linkedin.com/in/pvhari71
Sushanto Mitra,IIT Bombay Alumni Angels,,https://www.linkedin.com/in/sushantomitra
Suryateja Mallavarapu,Andhra Pradesh Innovation Society,https://apis.ap.gov.in/home/,https://linkedin.com/in/suryateja-mallavarapu-ias-59820283
Jaykumar Joshi,Gujarat Student Startup Innovation Hub / i-Hub,https://www.startupgujarat.in/,https://linkedin.com/in/jaykumar-joshi-490b8039
Sanjeev Kumar Gupta,Karnataka Innovation Authority / Elevate,https://startup.karnataka.gov.in,https://www.linkedin.com/in/sanjeevkgupta
Kavikrut,Telangana TSIC / T-Hub related programs,https://enrich.telangana.gov.in,https://www.linkedin.com/in/kavikrut
Surya Mantha,Unitus Ventures,https://unitus.vc/,https://www.linkedin.com/in/surya-mantha-842280
Bharati Jacob,Seedfund,https://seedfund.com/,https://www.linkedin.com/in/bharati-jacob-a702403
Shyam Menon,Infuse Ventures,https://infuseventures.com,https://in.linkedin.com/in/shyam-menon-b908314
Rob Kaplan,Circulate Capital,https://www.circulatecapital.com/,https://www.linkedin.com/in/robbykaplan
Mahesh Parasuraman,Amicus Capital,https://www.amicuscapital.in/,https://www.linkedin.com/in/mahesh-parasuraman-6b3222
Neeraj Bhargava,Zodius Capital,,https://www.linkedin.com/in/neeraj-bhargava-a87474
Vijay Singh Rathore,Soonicorn Club Ventures,https://soonicornventures.com/,https://linkedin.com/in/vijayrathorenucleus
Akhil Shahani,UnLtd India,https://unltdindia.org/,https://www.linkedin.com/in/akhilshahani
Taslimarif Saiyed,C-CAMP,https://www.ccamp.res.in,https://www.linkedin.com/in/taslimarif
Satya Prakash Dash,IKP Knowledge Park,https://ikpknowledgepark.com/,https://linkedin.com/in/spdash
Akriti Sharma,Pusa Krishi,https://pusakrishi.iari.res.in,https://linkedin.com/in/dr-akriti-sharma-2b864910a
Sanjeev Chopra,Electropreneur Park,https://www.electropreneurpark.com,https://linkedin.com/in/sanjeevc
Arvind Kumar,STPI Centres of Entrepreneurship,https://www.stpi.in/,https://linkedin.com/in/arvind-kumar71
Joginder Tanikella,T-Works,https://tworks.in/,https://linkedin.com/in/jogindertanikella
Aparna V.,SAP.iO Foundry India,https://sap.io,https://linkedin.com/in/aparna-veerarouthu
Kapil Chawla,Microsoft for Startups India,https://www.microsoft.com/en-in/startups,https://linkedin.com/in/kapilchawla
Amitabh Nagpal,AWS Activate India,https://aws.amazon.com/startups/,https://linkedin.com/in/amitabhnagpal
Arundhati Banerjee,NVIDIA Inception,https://www.nvidia.com/en-us/startups/,https://linkedin.com/in/arundhati-banerjee-130912a0
Gaurav Goel,Yes Fintech,https://www.yesbank.in,https://linkedin.com/in/ggaurav77
Seshadri Kannan,TiE Nurture,https://tie.org/,https://linkedin.com/in/seshadri-kannan-tie
Sujit Jagirdar,Founders Institute Hyderabad,https://fi.co/,https://linkedin.com/in/sujitjagirdar
Balan Gurumoorthy,IISc SID,https://sid.iisc.ac.in,https://linkedin.com/in/balan-gurumoorthy-827955a
Keyur Punjani,IIT Hyderabad i-TIC,https://i-tic.iith.ac.in,https://linkedin.com/in/keyurpunjani91
Urmi Buragohain,IIT Guwahati Technology Incubation Centre,https://www.iitg.ac.in/,https://linkedin.com/in/urmi-buragohain-9629516
Anil Singh,IIT Mandi Catalyst,https://iitmandi.ac.in/,https://linkedin.com/in/anilsinghiitmandi
Bhupesh Kumar Lad,IIT Indore Innovation,https://www.iiti.ac.in/,https://linkedin.com/in/bhupesh-kumar-lad-39227510
Soobhankar Pati,IIT Bhubaneswar Research & Entrepreneurship Park,https://www.iitbbs.ac.in/,https://linkedin.com/in/moxst
Azam Ali Khan,IIT Roorkee TIDES,https://www.iitr.ac.in/,https://www.linkedin.com/in/tidesiitr
Susil Kumar Kanagaraj Victor,NIT Trichy TBI,https://www.nitt.edu/,https://linkedin.com/in/susil-kumar-8a312a61
Sachin Arya,BITS Pilani TBI,https://www.bits-pilani.ac.in/,https://linkedin.com/in/sachinarya
Krishnashree Achuthan,Amrita TBI,https://www.amrita.edu/,https://linkedin.com/in/krishnashree-achuthan
A. Balachandran,VIT-TBI,https://vit.ac.in/,https://www.linkedin.com/in/balachandrana
Yamini Bhushan Pandey,IIM Lucknow Enterprise Incubator,https://www.iiml.ac.in/,https://linkedin.com/in/yaminibhushanpandey
Ashutosh Sarkar,IIM Kozhikode LIVE,https://iimk.ac.in/,https://linkedin.com/in/ashutosh-sarkar-5a4167b
Avinash Punekar,iCreate,https://icreate.org.in/,https://linkedin.com/in/avinashpunekar
Somveer Anand,Startup Punjab,https://www.startuppunjab.gov.in,https://linkedin.com/in/somveeranand
Neera Nundy,Dasra,https://dasra.org/,https://linkedin.com/in/neera-nundy-4b14105
Mahesh Yagnaraman,Acumen Academy India,https://acumenacademy.org/,https://www.linkedin.com/in/maheshyagna
Sanjeev Malhotra,NASSCOM CoE IoT & AI,https://www.nasscom.in/,https://linkedin.com/in/jeevmalhotra
Nipun Jain,Razorpay Rize,https://rize.razorpay.com,https://www.linkedin.com/in/nipunjain1
Priyank Narayan,Ashoka University Entrepreneurship,https://www.ashoka.edu.in/,https://linkedin.com/in/priyankn
Puneeth Rai,AIC NITTE,https://aicnitte.com/,https://linkedin.com/in/puneeth-rai-02bb2a25
Manohara Pai M M,Manipal Universal TBI,https://www.manipal.edu/mu.html,https://www.linkedin.com/in/mmmpai
D S Prashant,Goa Startup Mission,https://www.goa.gov.in/,https://linkedin.com/in/dsprashant
Abha Rishi,Startup Madhya Pradesh,https://startup.mp.gov.in/,https://linkedin.com/in/abharishi
Hemang Shah,Qualcomm Design in India Startup,https://www.qualcomm.com/,https://linkedin.com/in/hemang
Nimesh Kampani,108 Capital,https://108.vc/,https://linkedin.com/in/nimeshkampani
Mohanlal Parameshwara Menon,77 East Ventures,https://77eastvp.com,https://www.linkedin.com/in/mohanlalmenon
Kunal Khattar,Advantedge,https://www.advantedge.vc/,https://www.linkedin.com/in/kkhattar
Amit Mehta,Asha Ventures,https://ashaventures.in/,https://linkedin.com/in/amit-mehta-6b90b92
Kabir Kochhar,Audacity Ventures,https://audacityvc.com,https://linkedin.com/in/kabirkochhar
Sanjay G Kothari,AudTen Capital,https://audten.vc/,https://linkedin.com/in/sanjay-g-kothari
Sagar Agarvwal,Beams VC,https://beams.vc/,https://www.linkedin.com/in/sagar-agarwal-8502333
Chhavi Bhardwaj Kargaonkar,ConsumerX Ventures,https://consumerx.vc/,https://linkedin.com/in/chhavibk
Ruchira Shukla,Green Marble VC,https://www.greenmarble.vc/,https://linkedin.com/in/ruchirashukla
Ayush Goyal,Induckt VC,https://inducktvc.com,https://linkedin.com/in/passionforgoal
Vasu Guruswamy,Lavni Ventures,https://lavni.co.in,https://linkedin.com/in/vasu-guruswamy-0b80802
Akshat Poddar,LongView Ventures,https://longview-ventures.com/,https://www.linkedin.com/in/akshat-poddar-10ba8a7
Manoj Laddha,Pangram Ventures,https://pangram.vc/,https://www.linkedin.com/in/manojladdha
Siddharth Parekh,Paragon Partners,https://www.paragonpartners.in/,https://www.linkedin.com/in/siddharth-parekh-84a61911
Anupam Thareja,Phi Capital,https://phicapital.in/,https://www.linkedin.com/in/anupamthareja
Ajay Jain,Silver Needle,https://silverneedle.vc/,https://www.linkedin.com/in/ajayjainprofile
Andrey Terebenin,Sistema Asia Fund,https://sistemaasiafund.com,https://www.linkedin.com/in/andreyterebenin
Anuj Jain,Startup-O,https://startup-o.com,https://linkedin.com/in/anujjainprofile
Vikrant Varshney,SucSEED Indovation,https://www.sucseed.biz/,https://linkedin.com/in/vikrantvarshney-indovation
Mahavir Pratap Sharma,Swishin Ventures,https://swishin.vc/,https://linkedin.com/in/mahavir-pratap-sharma-26476915
Manick Wadhwa,Tryrock Capital,https://tryrock.com/,https://www.linkedin.com/in/manickwadhwa
Madhu Vasepalli,ValleyNXT Ventures,https://valleynxtventures.com/,https://linkedin.com/in/dr-madhu-vasepalli-mds-43a24812
Pankaj Jethwani,W Health Ventures,https://whealthventures.com/,https://www.linkedin.com/in/pankajsj
Sanjay Mehta,Angel Investor,,https://www.linkedin.com/in/sanjaymehta/
Kunal Shah,Angel Investor,,https://www.linkedin.com/in/kunalshah1/
Anand Chandrasekaran,Angel Investor,,https://www.linkedin.com/in/anandc
Kunal Bahl,Angel Investor,,https://www.linkedin.com/in/kunalbahl/
Gaurav Munjal,Angel Investor,,https://www.linkedin.com/in/gauravmunjal/
Ritesh Agarwal,Angel Investor,,https://www.linkedin.com/in/agarwalritesh/
Anupam Mittal,Angel Investor,,https://www.linkedin.com/in/anupammittal007
Sachin Bhatt,Angel Investor,,https://www.linkedin.com/in/sachin-bhat-12b50931/
Rohit Bansal,Angel Investor,,https://www.linkedin.com/in/rohitbansal
Binny Bansal,Angel Investor,,https://www.linkedin.com/in/binnybansalofficial
Sachin Bansal,Angel Investor,,https://www.linkedin.com/in/sachin-bansal-9b7a551/
Falguni Nayar,Angel Investor,,https://www.linkedin.com/in/falguninayar/
Peyush Bansal,Angel Investor,,https://www.linkedin.com/in/peyush-bansal/
Aman Gupta,Angel Investor,,https://www.linkedin.com/in/aman-gupta-boAt/
Deepinder Goyal,Angel Investor,,https://www.linkedin.com/in/deepinder-goyal-0a2245/
Bhavish Aggarwal,Angel Investor,,https://www.linkedin.com/in/bhavishaggarwal
Harshil Mathur,Angel Investor,,https://www.linkedin.com/in/harshilmathur
Shashank Kumar,Angel Investor,,https://www.linkedin.com/in/shashank-kumar-92014b1b
Vidit Aatrey,Angel Investor,,https://www.linkedin.com/in/vidit-aatrey
Sanjay Sethi,Angel Investor,,https://www.linkedin.com/in/sanjaysethi1
Mukesh Bansal,Angel Investor,,https://www.linkedin.com/in/mukeshbansal/
Sujeet Kumar,Angel Investor,,https://www.linkedin.com/in/sujeet-kumar-b2a4b45/
Aprameya Radhakrishna,Angel Investor,,https://www.linkedin.com/in/aprameya/
Sharad Sharma,Angel Investor,,https://www.linkedin.com/in/sharad-sharma-iSPIRT/
Ashish Kashyap,Angel Investor,,https://www.linkedin.com/in/ashishkashyap/
Phanindra Sama,Angel Investor,,https://www.linkedin.com/in/phanindrasama/
Varun Alagh,Angel Investor,,https://www.linkedin.com/in/varun-alagh/
Ghazal Alagh,Angel Investor,,https://www.linkedin.com/in/ghazal-alagh/
Ankur Warikoo,Angel Investor,,https://www.linkedin.com/in/warikoo/
Radhika Gupta,Angel Investor,,https://www.linkedin.com/in/radhika-gupta-edelweiss/
Nikhil Kamath,Angel Investor,,https://www.linkedin.com/in/nikhilkamath/
Ashneer Grover,Angel Investor,,https://www.linkedin.com/in/ashneer-grover/
Namita Thapar,Angel Investor,,https://www.linkedin.com/in/namita-thapar/
Vineeta Singh,Angel Investor,,https://www.linkedin.com/in/vineetasingh/
Ankit Bhati,Angel Investor,,https://www.linkedin.com/in/ankitbhati/
Yashish Dahiya,Angel Investor,,https://www.linkedin.com/in/yashish-dahiya-07b5bb4/
Alok Bansal,Angel Investor,,https://www.linkedin.com/in/alok-bansal-pb/
Trishneet Arora,Angel Investor,,https://www.linkedin.com/in/trishneet-arora/
Kalyan Krishnamurthy,Angel Investor,,https://www.linkedin.com/in/kalyan-krishnamurthy-b657b65/
Ashni Biyani,Angel Investor,,https://www.linkedin.com/in/ashni-biyani
Meena Ganesh,Angel Investor,,https://www.linkedin.com/in/meenaganesh
Revathi Kant,Angel Investor,,https://www.linkedin.com/in/revathi-kant-/
Sairee Chahal,Angel Investor,,https://www.linkedin.com/in/saireechahal/
Anisha Singh,Angel Investor,,https://www.linkedin.com/in/anishasingh/
Suchi Mukherjee,Angel Investor,,https://www.linkedin.com/in/suchimukherjee/
Manish Tandon,Angel Investor,,https://www.linkedin.com/in/manish-tandon-b2a3a/
Praveen Sinha,Angel Investor,,https://www.linkedin.com/in/praveen-sinha-jabong/
Sridhar Vembu,Angel Investor,,https://www.linkedin.com/in/sridharvembu/
Shekhar Kirani,Angel Investor,,https://www.linkedin.com/in/shekhark/
Prashanth Prakash,Angel Investor,,https://www.linkedin.com/in/prashanthprakash/
Abheek Anand,Angel Investor,,https://www.linkedin.com/in/abheek-anand/
Ravi Adusumalli,Angel Investor,,https://www.linkedin.com/in/raviadusumalli/
Karthik Reddy,Angel Investor,,https://www.linkedin.com/in/karthik-reddy-blume/
Sanjay Nath,Angel Investor,,https://www.linkedin.com/in/sanjaynath/
Anand Ladsariya,Angel Investor,,https://www.linkedin.com/in/anandladsariya/
Rehan Yahya,Angel Investor,,https://www.linkedin.com/in/rehanyahya/
Bala Parthasarathy,Angel Investor,,https://www.linkedin.com/in/balaparthasarathy/
Ashish Gupta,Angel Investor,,https://www.linkedin.com/in/ashishguptavc/
Sanjiv Kaul,Angel Investor,,https://www.linkedin.com/in/sanjivkaul/
Rishad Premji,Angel Investor,,https://www.linkedin.com/in/rishadpremji/
T.V. Mohandas Pai,Angel Investor,,https://www.linkedin.com/in/tvmohandaspai/
Naveen Tewari,Angel Investor,,https://www.linkedin.com/in/naveentewari/
Piyush Shah,Angel Investor,,https://www.linkedin.com/in/piyush-shah-browserstack/
Ankit Sobti,Angel Investor,,https://www.linkedin.com/in/ankitsobti/
Abhijit Kane,Angel Investor,,https://www.linkedin.com/in/abhijitkane/
Srihari Kumar,Angel Investor,,https://www.linkedin.com/in/sriharikumar/
Akash Sinha,Angel Investor,,https://www.linkedin.com/in/akash-sinha-cashfree/
Shailesh Rao,Angel Investor,,https://www.linkedin.com/in/shaileshrao/
Caesar Sengupta,Angel Investor,,https://www.linkedin.com/in/caesars/
Sameer Nigam,Angel Investor,,https://www.linkedin.com/in/sameernigam/
Rahul Chari,Angel Investor,,https://www.linkedin.com/in/rahulchari/
Bhavin Turakhia,Angel Investor,,https://www.linkedin.com/in/bhavinturakhia/
Divyank Turakhia,Angel Investor,,https://www.linkedin.com/in/divyankturakhia/
Vijay Shekhar Sharma,Angel Investor,,https://www.linkedin.com/in/vijayszs/
Madhur Deora,Angel Investor,,https://www.linkedin.com/in/madhurdeora/
Amit Nayyar,Angel Investor,,https://www.linkedin.com/in/amit-nayyar-b0a4b/
Deep Kalra,Angel Investor,,https://www.linkedin.com/in/deepkalra/
Rajesh Magow,Angel Investor,,https://www.linkedin.com/in/rajeshmagow/
Dinesh Agarwal,Angel Investor,,https://www.linkedin.com/in/dinesh-agarwal-indiamart/
Brijesh Agrawal,Angel Investor,,https://www.linkedin.com/in/brijesh-agrawal-indiamart/
Narayana Murthy,Angel Investor,,https://www.linkedin.com/in/narayana-murthy/
Nandan Nilekani,Angel Investor,,https://www.linkedin.com/in/nandan-nilekani-5765b/
Rohini Nilekani,Angel Investor,,https://www.linkedin.com/in/rohini-nilekani-8b43b614/
Kris Gopalakrishnan,Angel Investor,,https://www.linkedin.com/in/krisgopalakrishnan/
S.D. Shibulal,Angel Investor,,https://www.linkedin.com/in/shibulal/
Ravi Venkatesan,Angel Investor,,https://www.linkedin.com/in/ravi-venkatesan-076b731/
Kiran Mazumdar-Shaw,Angel Investor,,https://www.linkedin.com/in/kiran-mazumdar-shaw/
Leena Nair,Angel Investor,,https://www.linkedin.com/in/leena-nair/
Zia Mody,Angel Investor,,https://www.linkedin.com/in/zia-mody-1b6b5a1/
Haresh Chawla,Angel Investor,,https://www.linkedin.com/in/hareshchawla
Manish Vij,Angel Investor,,https://www.linkedin.com/in/manishvij
Sandeep Tandon,Angel Investor,,https://www.linkedin.com/in/sandeep-tandon-b2b6a01
Sanjiv Rangrass,Angel Investor,,https://www.linkedin.com/in/sanjivrangrass
Pushkar Mukewar,Angel Investor,,https://www.linkedin.com/in/pushkarmukewar
Thirukumaran Nagarajan,Angel Investor,,https://www.linkedin.com/in/thirukumaran-nagarajan
Karthee Vidya,Angel Investor,,https://www.linkedin.com/in/kartheevidya
Raghunandan G,Angel Investor,,https://www.linkedin.com/in/raghunandan-g-6a09a74/
Srikanth Iyer,Angel Investor,,https://www.linkedin.com/in/srikanthiyer/
Ashish Goel,Angel Investor,,https://www.linkedin.com/in/ashish-goel-urban-ladder/
Kavin Mittal,Angel Investor,,https://www.linkedin.com/in/kavinmittal/
Utsav Somani,Angel Investor,,https://www.linkedin.com/in/utsavsomani/
Aakrit Vaish,Angel Investor,,https://www.linkedin.com/in/aakritvaish/
Swapan Rajdev,Angel Investor,,https://www.linkedin.com/in/swapanrajdev/
Sateesh Andra,Angel Investor,,https://www.linkedin.com/in/sateesh-andra
Jayesh Parekh,Angel Investor,,https://www.linkedin.com/in/jayeshparekh
Maneesh Bhandari,Angel Investor,,https://www.linkedin.com/in/maneeshbhandari
Saurabh Srivastava,Angel Investor,,https://www.linkedin.com/in/saurabh-srivastava-b3b5a91
Luis Miranda,Angel Investor,,https://www.linkedin.com/in/luismiranda1
Vishal Gondal,Angel Investor,,https://www.linkedin.com/in/vishalgondal
Arihant Patni,Angel Investor,,https://www.linkedin.com/in/arihantpatni
Sandeep Aggarwal,Angel Investor,,https://www.linkedin.com/in/sandeepaggarwal
Radhika Aggarwal,Angel Investor,,https://www.linkedin.com/in/radhikaaggarwal
Sanjeev Barnwal,Angel Investor,,https://www.linkedin.com/in/sanjeevbarnwal
Adwaita Nayar,Angel Investor,,https://www.linkedin.com/in/adwaita-nayar
Anchit Nayar,Angel Investor,,https://www.linkedin.com/in/anchit-nayar-b8b4b411/
Amit Chaudhary,Angel Investor,,https://www.linkedin.com/in/amit-chaudhary-lenskart/
Sumeet Vadera,Angel Investor,,https://www.linkedin.com/in/sumeetvadera/
Ambareesh Murty,Angel Investor,,https://www.linkedin.com/in/ambareesh-murty/
Roman Saini,Angel Investor,,https://www.linkedin.com/in/roman-saini/
Hemesh Singh,Angel Investor,,https://www.linkedin.com/in/hemesh-singh
Sachin Gupta,Angel Investor,,https://www.linkedin.com/in/sachingupta-hackerearth
Vivek Prakash,Angel Investor,,https://www.linkedin.com/in/vivekprakash
Mayank Kumar,Angel Investor,,https://www.linkedin.com/in/mayank-kumar-upgrad/
Phalgun Kompalli,Angel Investor,,https://www.linkedin.com/in/phalgun-kompalli/
Ishan Gupta,Angel Investor,,https://www.linkedin.com/in/ishan-gupta-foundit/
Karan Bajwa,Angel Investor,,https://www.linkedin.com/in/karan-bajwa-08b8961/
CP Gurnani,Angel Investor,,https://www.linkedin.com/in/cpgurnani/
Vanitha Narayanan,Angel Investor,,https://www.linkedin.com/in/vanithanarayanan/
Kiran Karnik,Angel Investor,,https://www.linkedin.com/in/kiran-karnik-6a11b45/
Chetna Sinha,Angel Investor,,https://www.linkedin.com/in/chetna-sinha-31b3b214/
Roopa Kudva,Angel Investor,,https://www.linkedin.com/in/roopa-kudva-8b69a75/
K. Vaitheeswaran,Angel Investor,,https://www.linkedin.com/in/vaitheeswaran/
Ashish Hemrajani,Angel Investor,,https://www.linkedin.com/in/ashish-hemrajani/
Parikshit Dar,Angel Investor,,https://www.linkedin.com/in/parikshitdar/
Kanika Tekriwal,Angel Investor,,https://www.linkedin.com/in/kanikatekriwal
Richa Kar,Angel Investor,,https://www.linkedin.com/in/richa-kar
Shradha Sharma,Angel Investor,,https://www.linkedin.com/in/shradhasharma
Mahesh Murthy,Angel Investor,,https://www.linkedin.com/in/maheshmurthy
Ranjan Pai,Angel Investor,,https://www.linkedin.com/in/ranjan-pai-b3a3b41/
Anand Deshpande,Angel Investor,,https://www.linkedin.com/in/ananddeshpande/
Suresh Vaswani,Angel Investor,,https://www.linkedin.com/in/sureshvaswani/
Som Mittal,Angel Investor,,https://www.linkedin.com/in/sommittal/
Ravi Gururaj,Angel Investor,,https://www.linkedin.com/in/ravigururaj/
Avinash Raghava,Angel Investor,,https://www.linkedin.com/in/avinashraghava/
Suresh Sambandam,Angel Investor,,https://www.linkedin.com/in/sureshsambandam/
Shashank ND,Angel Investor,,https://www.linkedin.com/in/shashanknd/
Abhinav Lal,Angel Investor,,https://www.linkedin.com/in/abhinavlal/
Prashant Tandon,Angel Investor,,https://www.linkedin.com/in/prashanttandon/
Dharmil Sheth,Angel Investor,,https://www.linkedin.com/in/dharmilsheth/
Tushar Vashisht,Angel Investor,,https://www.linkedin.com/in/tushar-vashisht/
Sachin Shenoy,Angel Investor,,https://www.linkedin.com/in/sachin-shenoy/
Ankit Nagori,Angel Investor,,https://www.linkedin.com/in/ankitnagori/
Maninder Gulati,Angel Investor,,https://www.linkedin.com/in/maninder-gulati-oyo/
Abhiraj Bhal,Angel Investor,,https://www.linkedin.com/in/abhirajbhal/
Raghav Chandra,Angel Investor,,https://www.linkedin.com/in/raghavchandra/
Varun Khaitan,Angel Investor,,https://www.linkedin.com/in/varunkhaitan/
Ninad Karpe,Angel Investor,,https://www.linkedin.com/in/ninadkarpe/
Upasana Taku,Angel Investor,,https://www.linkedin.com/in/upasanataku/
Bipin Preet Singh,Angel Investor,,https://www.linkedin.com/in/bipinpreetsingh/
Harshvardhan Lunia,Angel Investor,,https://www.linkedin.com/in/harshvardhanlunia/
Bhavesh Manglani,Angel Investor,,https://www.linkedin.com/in/bhavesh-manglani-1b44b315/
Sahil Barua,Angel Investor,,https://www.linkedin.com/in/sahilbarua/
Suraj Saharan,Angel Investor,,https://www.linkedin.com/in/suraj-saharan/
Kapil Bharati,Angel Investor,,https://www.linkedin.com/in/kapil-bharati/
Chaitanya Peddi,Angel Investor,,https://www.linkedin.com/in/chaitanyapeddi/
Prashant Pansare,Angel Investor,,https://www.linkedin.com/in/prashantpansare/
Jagdish Mitra,Angel Investor,,https://www.linkedin.com/in/jagdishmitra/
B.V.R. Mohan Reddy,Angel Investor,,https://www.linkedin.com/in/bvrmohanreddy/
J.A. Chowdary,Angel Investor,,https://www.linkedin.com/in/jachowdary/
Raju Reddy,Angel Investor,,https://www.linkedin.com/in/rajureddy/
Vivek Raghavan,Angel Investor,,https://www.linkedin.com/in/vivekraghavan/
Pramod Varma,Angel Investor,,https://www.linkedin.com/in/pramodvarma/
Mekin Maheshwari,Angel Investor,,https://www.linkedin.com/in/mekinmaheshwari/
Neeraj Kakkar,Angel Investor,,https://www.linkedin.com/in/neerajkakkar/
Ananth Narayanan,Angel Investor,,https://www.linkedin.com/in/ananthnarayanan/
Ashutosh Lawania,Angel Investor,,https://www.linkedin.com/in/ashutosh-lawania/
Manish Tiwary,Angel Investor,,https://www.linkedin.com/in/manishtiwary/
Rishi Navani,Angel Investor,,https://www.linkedin.com/in/rishi-navani/
Rahul Khanna,Angel Investor,,https://www.linkedin.com/in/rahulkhanna/
Akhil Gupta,Angel Investor,,https://www.linkedin.com/in/akhil-gupta-bharti/
Sandeep Singhal,Angel Investor,,https://www.linkedin.com/in/sandeepsinghal/
Jishnu Bhattacharjee,Angel Investor,,https://www.linkedin.com/in/jishnub/
Mohit Bhatnagar,Angel Investor,,https://www.linkedin.com/in/mohitbhatnagar/
Sumir Chadha,Angel Investor,,https://www.linkedin.com/in/sumir-chadha-0b3b5/
Farhad Forbes,Angel Investor,,https://www.linkedin.com/in/farhad-forbes-1b1b5b5/
Manu Jain,Angel Investor,,https://www.linkedin.com/in/manujain/
Pranay Chulet,Angel Investor,,https://www.linkedin.com/in/pranaychulet/
Farid Ahsan,Angel Investor,,https://www.linkedin.com/in/farid-ahsan
Ankush Sachdeva,Angel Investor,,https://www.linkedin.com/in/ankush-sachdeva
Akshay BK,Angel Investor,,https://www.linkedin.com/in/akshay-bk-93b3a814/
Vivek Gupta,Angel Investor,,https://www.linkedin.com/in/vivek-gupta-licious/
Abhay Hanjura,Angel Investor,,https://www.linkedin.com/in/abhayhanjura/
Nitin Gupta,Angel Investor,,https://www.linkedin.com/in/nitingupta0304/
Meher Pudumjee,Angel Investor,,https://www.linkedin.com/in/meher-pudumjee-8a0b8a5/
Swati Piramal,Angel Investor,,https://www.linkedin.com/in/swati-piramal/
BeyondSeed,Angel Investor,,https://www.linkedin.com/company/beyondseed/
Equentis,Angel Investor,,https://www.linkedin.com/company/equentis
Transition VC,Angel Investor,,https://www.linkedin.com/company/transition-vc/
Mark Kahn,Omnivore,https://omnivore.vc/,https://www.linkedin.com/in/mark-kahn-20490a
Jinesh Shah,Omnivore,https://omnivore.vc/,https://www.linkedin.com/in/jinesh-shah-b810813
Sandeep Farias,Elevar Equity,https://elevarequity.com/,https://www.linkedin.com/in/sandeepfarias
Jyotsna Krishnan,Elevar Equity,https://elevarequity.com/,https://www.linkedin.com/in/jyotsna-krishnan
Arpit Beri,Jungle Ventures,https://www.jungle.vc/,https://www.linkedin.com/in/arpitberi
Yash Sankrityayan,Jungle Ventures,https://www.jungle.vc/,https://www.linkedin.com/in/yashskn
Rishab Malik,Jungle Ventures,https://www.jungle.vc/,https://www.linkedin.com/in/rishabmalik
Nikhil Vora,Sixth Sense Ventures,https://sixthsenseventures.com/,https://www.linkedin.com/in/nikhil-vora-07713622
Anant Vidur Puri,Bessemer Venture Partners,https://www.bvp.com/,https://www.linkedin.com/in/avpuri
Nithin Kaimal,Bessemer Venture Partners,https://www.bvp.com/,https://www.linkedin.com/in/nithinkaimal
Sarthak Misra,SoftBank Investment Advisers,https://group.softbank/,https://www.linkedin.com/in/sarthakmisra
Rajan Anandan,Sequoia (India) / Peak XV,https://www.peakxv.com/,https://www.linkedin.com/in/rajan-anandan-2481b814
Mohit Bhatnagar,Sequoia (India) / Peak XV,https://www.peakxv.com/,https://www.linkedin.com/in/mohit-bhatnagar-8228474
GV Ravishankar,Sequoia (India) / Peak XV,https://www.peakxv.com/,https://www.linkedin.com/in/ravishankar-gv-423436223
Sakshi Chopra,Sequoia (India) / Peak XV,https://www.peakxv.com/,https://www.linkedin.com/in/sakshi-chopra-4aa1881
Rohit Agarwal,Sequoia (India) / Peak XV,https://www.peakxv.com/,https://www.linkedin.com/in/rohit-agarwal-5951b014
Avnish Bajaj,Matrix Partners,https://www.z47.com/,https://www.linkedin.com/in/avnish-bajaj
Tarun Davda,Matrix Partners,https://www.z47.com/,https://www.linkedin.com/in/tarundavda
Bejul Somaia,Lightspeed India,https://lsvp.com/,https://www.linkedin.com/in/bejul-somaia-ba415
Anand Lunia,India Quotient,https://www.indiaquotient.in/,https://www.linkedin.com/in/anand-lunia-9816a53
Madhukar Sinha,India Quotient,https://www.indiaquotient.in/,https://www.linkedin.com/in/madhukar-sinha-1288701
Mukul Arora,Elevation Capital,https://www.elevationcapital.com/,https://www.linkedin.com/in/mukularora1
Anand Daniel,Accel,https://www.accel.com/,https://www.linkedin.com/in/ananddaniel
Prashanth Prakash,Accel,https://www.accel.com/,https://www.linkedin.com/in/prakashprashanth
Jishnu Bhattacharjee,Nexus Venture Partners,https://nexusvp.com/in/,https://www.linkedin.com/in/jishnu-b-3063271
Anand Datta,Nexus Venture Partners,https://nexusvp.com/in/,https://www.linkedin.com/in/ananddatta
Suvir Sujan,Nexus Venture Partners,https://nexusvp.com/in/,https://www.linkedin.com/in/suvir-sujan-66023b3
Bejul Somaia,Lightspeed,https://lsvp.com/,https://www.linkedin.com/in/bejul-somaia-ba415
Kanwaljit Singh,Fireside Ventures,https://firesideventures.in/,https://www.linkedin.com/in/singhkanwaljit
Shruti Jain,021 Capital,https://021.capital/,https://www.linkedin.com/in/shruti-jain-60661657
Chirag Gupta,8X Ventures,https://www.8xventures.co/,https://www.linkedin.com/in/chirag-gupta
Esha Arya,8X Ventures,https://www.8xventures.co/,https://www.linkedin.com/in/eshaarya
Ajay Singh Rajput,8X Ventures,https://www.8xventures.co/,https://www.linkedin.com/in/ajaysingh-rajput-6406146
Nisa Amoils,A100x Ventures,https://www.a100x.vc/,https://www.linkedin.com/in/nisaamoils
Frank Amato,A100x Ventures,https://www.a100x.vc/,https://www.linkedin.com/in/ftaiii
TV Mohandas Pai,Aarin Capital,https://aarincapital.com/,https://www.linkedin.com/in/mohandaspai
Arjun Sheth,Anchorage Capital,https://anchoragecap.in/,https://www.linkedin.com/in/arjun-sheth
Rob Liu,Athena,https://www.athena.vc/,https://www.linkedin.com/in/robliu
Manu Iyer,Bluehill.vc,https://bluehill.vc/,https://www.linkedin.com/in/manuiyer
Anoop Mohan,Bluehill.vc,https://bluehill.vc/,https://www.linkedin.com/in/anoop-mohan-6b19689b
Nirupa Shankar,Brigade REAP,https://brigadereap.com/,https://www.linkedin.com/in/nirupa-shankar-1309371
Mohan Parvatikar,Brigade REAP,https://brigadereap.com/,https://www.linkedin.com/in/mohan-parvatikar-a3b0509
Abhay Garg,Brigade REAP,https://brigadereap.com/,https://www.linkedin.com/in/abhay-garg-3940381
Gantavya Kshatree,Brigade REAP,https://brigadereap.com/,https://www.linkedin.com/in/gantavya-kshatree
Bijou Kurien,Campus Fund,https://yourcampusfund.com/,https://www.linkedin.com/in/bkurien
Ritik Singh,Golden Sparrow,https://goldensparrow.vc/,https://www.linkedin.com/in/the-ritik-singh
Michael Marmor,Golden Sparrow,https://goldensparrow.vc/,https://www.linkedin.com/in/marmor
Venkat Raju,Golden Sparrow,https://goldensparrow.vc/,https://www.linkedin.com/in/venkatraju
Dr. Amritendu Mukherjee,Golden Sparrow,https://goldensparrow.vc/,https://www.linkedin.com/in/amritendu-mukherjee
Dr. Anand Rao,Golden Sparrow,https://goldensparrow.vc/,https://www.linkedin.com/in/anandsrao
Prateek Behera,gradCapital,https://www.gradcapital.in/,https://www.linkedin.com/in/prateekbehera96
Debamita Banerjee,gradCapital,https://www.gradcapital.in/,https://www.linkedin.com/in/debamita-banerjee
Kshitij Khandelwal,gradCapital,https://www.gradcapital.in/,https://www.linkedin.com/in/khandelwalkshitij
Sambhav Jain,gradCapital,https://www.gradcapital.in/,https://www.linkedin.com/in/sambhavanandjain
Keki Mistry,HDFC Capital,https://www.hdfccapital.com/,https://www.linkedin.com/in/keki-mistry-55bb88107
Karanpal Singh,Hunch Ventures & Investments Pvt Ltd,https://hunchventures.com/,https://www.linkedin.com/in/karanpal-singh-5707645a
Amit Dutta,Hunch Ventures & Investments Pvt Ltd,https://hunchventures.com/,https://www.linkedin.com/in/amit-dutta-6b7b9510
Rudra Dalmia,Hunch Ventures & Investments Pvt Ltd,https://hunchventures.com/,https://www.linkedin.com/in/rudradalmia
Priyanka Chopra,IIMA Ventures,https://iimaventures.com/,https://www.linkedin.com/in/priyanka-agarwal-chopra-4503bb
Vipul Patel,IIMA Ventures,https://iimaventures.com/,https://www.linkedin.com/in/vipulvpatel
Supriya Sharma,IIMA Ventures,https://iimaventures.com/,https://www.linkedin.com/in/supriya-sharma-1253988
Chintan Bakshi,IIMA Ventures,https://iimaventures.com/,https://www.linkedin.com/in/chintanbakshi
Sandeep Koujalgi,IIMA Ventures,https://iimaventures.com/,https://www.linkedin.com/in/sandeep-koujalgi
Deepanwita Chattopadhyay,IKP Knowledge Park,https://ikpknowledgepark.com/,https://www.linkedin.com/in/deepanwitachattopadhyay
Ashish Sharma,Innoven Capital,https://innovencapital.com/,https://www.linkedin.com/in/ashishsharma91
Aditya Mathur,Innoven Capital,https://innovencapital.com/,https://www.linkedin.com/in/mathuraditya
Nikhil Chandna,Innoven Capital,https://innovencapital.com/,https://www.linkedin.com/in/nikhil-chandna-77986018
Makhtar Diop,International Finance Corporation (IFC),https://www.ifc.org/en/home,https://www.linkedin.com/in/makhtar-diop
Abhishek Sanghvi,Ecosystem Ventures,https://ecosystemventures.in/,https://www.linkedin.com/in/abhisheksanghvi
Aditya Jadhav,Ecosystem Ventures,https://ecosystemventures.in/,https://www.linkedin.com/in/adityajadhavcfa
Aditya Somani,Ecosystem Ventures,https://ecosystemventures.in/,https://www.linkedin.com/in/aditya-somani-3a46a21
Pankaj Anand,Kathyawad Ventures,https://kathyawadventures.in/,https://www.linkedin.com/in/pankajanand1
Amit Thakkar,Kathyawad Ventures,https://kathyawadventures.in/,https://www.linkedin.com/in/amit-thakkar-4233261
Ashish Kumar,Kathyawad Ventures,https://kathyawadventures.in/,https://www.linkedin.com/in/ashishkumar579
Rajul Garg,Leo Capital,https://leo.capital/,https://www.linkedin.com/in/rajulgarg
Ravi Srivastava,Leo Capital,https://leo.capital/,https://www.linkedin.com/in/rpsrivastava
Madhusmita Das,Leo Capital,https://leo.capital/,https://www.linkedin.com/in/madhusmitadas
Henry Goodwin,Leo Capital,https://leo.capital/,https://www.linkedin.com/in/henry-goodwin
Rashmi Guptey,Lightbox Ventures,https://www.lightbox.vc/,https://www.linkedin.com/in/rashmi-limaye-guptey-9b6a045
Jitha Thathachari,LongView Ventures,https://longview-ventures.com/,https://www.linkedin.com/in/jithat
Punit Chokhani,LongView Ventures,https://longview-ventures.com/,https://www.linkedin.com/in/punit-chokhani-086664a
Nikhil Rathi,Next Star Venture Capital LLP,https://nextstarvc.com/,https://www.linkedin.com/in/nikhil-rathi-7532562
Srikanth V J Tanikella,Pavestone VC,https://pavestone.vc/,https://www.linkedin.com/in/srikanthtvj
Sridhar B,Pavestone VC,https://pavestone.vc/,https://www.linkedin.com/in/sridhar-rampalli-b9348622
Aakash Shah,Peak Sustainability Ventures,https://peakventures.in/,https://www.linkedin.com/in/aakash-shah-42a97043
Ravish Ratnam,PointOne Capital,https://pointone.capital/,https://www.linkedin.com/in/ravish-ratnam-732a7757
Amit Somani,Prime Venture Partners,https://www.primevp.in/,https://www.linkedin.com/in/thesomani
Brij Bhushan,Prime Venture Partners,https://www.primevp.in/,https://www.linkedin.com/in/brijbhushan1
Anant Goenka,RPG VENTURES,https://www.rpgventures.in/,https://www.linkedin.com/in/anant-goenka-712a652
Nowi Kallen,Sales Force Ventures,https://salesforceventures.com/,https://www.linkedin.com/in/kallennowi
Dr. Sunil K Shekhawat,SanchiConnect,https://sanchiconnect.com/,https://www.linkedin.com/in/dr-sunil-k-shekhawat
Baltej Singh,SanchiConnect,https://sanchiconnect.com/,https://www.linkedin.com/in/baltej-singh-46b78112
Pushpendra V Kaushal,SanchiConnect,https://sanchiconnect.com/,https://www.linkedin.com/in/pushpendra-vishal-kaushal-cissp
Karthik Chandrasekar,Sangam Ventures,https://sangam.vc/,https://www.linkedin.com/in/karthikchandrasekar
Anisha Patnaik,Sangam Ventures,https://sangam.vc/,https://www.linkedin.com/in/anishapatnaik
Ravi Venkatesh,Tanglin Venture Partners,https://www.tanglinvp.com/,https://www.linkedin.com/in/ravivenkatesh
Sankalp Gupta,Tanglin Venture Partners,https://www.tanglinvp.com/,https://www.linkedin.com/in/sankalpgupta
Shashank Sabesan,Tanglin Venture Partners,https://www.tanglinvp.com/,https://www.linkedin.com/in/shashanksabesan
Arun Scaria,Tanglin Venture Partners,https://www.tanglinvp.com/,https://www.linkedin.com/in/arun-scaria-118404ba
Manav Garg,Together,https://www.together.fund/,https://www.linkedin.com/in/manav-garg-227254
Girish Mathrubootham,Together,https://www.together.fund/,https://www.linkedin.com/in/girish1
Rahul Khanna,Trifecta Capital,https://trifectacapital.in/,https://www.linkedin.com/in/khannarahul
Nilesh Kothari,Trifecta Capital,https://trifectacapital.in/,https://www.linkedin.com/in/nilesh-kothari-9126588
Lavanya Ashok,Trifecta Capital,https://trifectacapital.in/,https://www.linkedin.com/in/lavanya-ashok-97657a45
Abhishek Gupta,Trifecta Capital,https://trifectacapital.in/,https://www.linkedin.com/in/guptaabhi
Deepak Mohan,Trifecta Capital,https://trifectacapital.in/,https://www.linkedin.com/in/deepak-mohan-56243450
Andy McLoughlin,Uncork Capital,https://uncorkcapital.com/,https://www.linkedin.com/in/andymcloughlin
Amy Saper,Uncork Capital,https://uncorkcapital.com/,https://www.linkedin.com/in/amysaper
Prasanna Inindia,Upekkha,https://www.upekkha.io/,https://www.linkedin.com/in/prasannainindia
Shekar Nair,Upekkha,https://www.upekkha.io/,https://www.linkedin.com/in/shekarnair
Thiyagarajan (Rajan),Upekkha,https://www.upekkha.io/,https://www.linkedin.com/in/thiyagarajan
Lopo Champalimaud,V3 Ventures (Verlinvest),https://www.v3.ventures/,https://www.linkedin.com/in/lopochampalimaud
Jimmy Dietz,V3 Ventures (Verlinvest),https://www.v3.ventures/,https://www.linkedin.com/in/jimmy-dietz-186ab042
Abhiram Bhalerao,V3 Ventures (Verlinvest),https://www.v3.ventures/,https://www.linkedin.com/in/abhirambhalerao
Shweta Tripathi,V3 Ventures (Verlinvest),https://www.v3.ventures/,https://www.linkedin.com/in/shweta-tripathi-weh
Kee Lock CHUA,Vertex Ventures,https://www.vertexventures.com/,https://www.linkedin.com/in/kee-lock-chua-663119
Joo Hock CHUA,Vertex Ventures,https://www.vertexventures.com/,https://www.linkedin.com/in/joo-hock-chua-8b87181
Ben MATHIAS,Vertex Ventures,https://www.vertexventures.com/,https://www.linkedin.com/in/mathiasben
Genping LIU,Vertex Ventures,https://www.vertexventures.com/,https://www.linkedin.com/in/liugenping
Sweta Rau,White Venture Capital,https://www.whiteventurecap.com/,https://www.linkedin.com/in/sweta-rau-0b642210
Amrish Rau,White Venture Capital,https://www.whiteventurecap.com/,https://www.linkedin.com/in/amrish-rau-4158339
Jitendra Gupta,White Venture Capital,https://www.whiteventurecap.com/,https://www.linkedin.com/in/guptajiten
Xiang Rong (Anthony) Yeo,White Venture Capital,https://www.whiteventurecap.com/,https://www.linkedin.com/in/xiang-rong-yeo-a840ba172
Saloni Jiwrajka,White Venture Capital,https://www.whiteventurecap.com/,https://www.linkedin.com/in/salonijiwrajka
Anupam Mittal,100X.VC,https://www.100x.vc/,https://www.linkedin.com/in/anupammittal007
Julie Wolf,2048 Ventures,https://www.2048.vc/,https://www.linkedin.com/in/juliemariewolf
Daniella Cohen,2048 Ventures,https://www.2048.vc/,https://www.linkedin.com/in/daniellacohen
Rohan Sharma,8i Ventures,https://8ivc.com/,https://www.linkedin.com/in/sharmarohan029
Vignesh Shankar,a99 VC,https://a99.vc/,https://www.linkedin.com/in/vigneshshankar
Ganesh Sathyamurthy,a99 VC,https://a99.vc/,https://www.linkedin.com/in/ganesh-sathyamurthy-5626a015
Asha Venugopal,a99 VC,https://a99.vc/,https://www.linkedin.com/in/ashavenugopal
Pankaj Singh,Aagama Ventures,https://aagama.vc/,https://www.linkedin.com/in/pankaj-singh-6546ab2b
Lavanya Ashok,Aeravti Ventures,https://www.aeravti.com/,https://www.linkedin.com/in/lavanya-ashok-97657a45
Santiago Gomez,Aeravti Ventures,https://www.aeravti.com/,https://www.linkedin.com/in/santiago-gomez-garcia-0aa93476
Vivek Sivanandam,Aeravti Ventures,https://www.aeravti.com/,https://www.linkedin.com/in/viveksivanandam
Shardul Singh,Aeravti Ventures,https://www.aeravti.com/,https://www.linkedin.com/in/shardulsingh0926
Aditya Siroya,Aeravti Ventures,https://www.aeravti.com/,https://www.linkedin.com/in/aditya-siroya
BINNY KHANNA,AIC Banasthali,https://aicbanasthali.org/,https://www.linkedin.com/in/binny-khanna-3251045
MS. SANSKRITI SHARMA,AIC Banasthali,https://aicbanasthali.org/,https://www.linkedin.com/in/sanskriti-sharma-70a3b6263
Kushal Bhagia,All In Capital,https://allincapital.vc/,https://www.linkedin.com/in/kushalbhagia
Ajay Hattangdi,Alteria Capital,https://alteriacapital.com/,https://www.linkedin.com/in/ajayhattangdi
Akshat Saxena,Alteria Capital,https://alteriacapital.com/,https://www.linkedin.com/in/akshatsx
Lavanya Indralingam,Antler,https://www.antler.co/,https://www.linkedin.com/in/lavanyaindralingam
Bede Moore,Antler,https://www.antler.co/,https://www.linkedin.com/in/bede-moore-b73a473a
Frank Stevenaar,Antler,https://www.antler.co/,https://www.linkedin.com/in/frankstevenaar
Sekhar Puli,Aroa Venture Partners,https://www.aroaventures.com/,https://www.linkedin.com/in/sekharpuli
Nitin Wadhwa,Aroa Venture Partners,https://www.aroaventures.com/,https://www.linkedin.com/in/nitin-wadhwa-93787a6
Gaurav Deepak,Avendus,https://avendus.com/,https://www.linkedin.com/in/gaurav-deepak-47a286
Kaushal Aggarwal,Avendus,https://avendus.com/,https://www.linkedin.com/in/kaushal-aggarwal-635b2
Hiro Maeda,BEENEXT,https://www.beenext.com/,https://www.linkedin.com/in/hironorimaeda
Hero Choudhary,BEENEXT,https://www.beenext.com/,https://www.linkedin.com/in/herochoudhary
Nao Ito,BEENEXT,https://www.beenext.com/,https://www.linkedin.com/in/naoito
Chinmaya Saxena,BEENEXT,https://www.beenext.com/,https://www.linkedin.com/in/chinmayasaxena
Anirudh Garg,BEENEXT,https://www.beenext.com/,https://www.linkedin.com/in/anirudh-garg98
Haya Haffar,Beyond Capital Ventures,https://beyondcapital.vc/,https://www.linkedin.com/in/haya-haffar
Mohammad Majali,Beyond Capital Ventures,https://beyondcapital.vc/,https://www.linkedin.com/in/mohammadalmajali
Sowmya Arunkumar,C4D Partners,https://c4dpartners.com/,https://www.linkedin.com/in/sowmya-arunkumar
Abhishek Sharman,CDM Capital,https://cdmcapital.in/,https://www.linkedin.com/in/abhishek-sharman-45bb32
Hithendra Ramachandran,CDM Capital,https://cdmcapital.in/,https://www.linkedin.com/in/hithendraramachandran
Saurabh Devendra Singh,CDM Capital,https://cdmcapital.in/,https://www.linkedin.com/in/saurabh-devendra-singh-727605
Anuraag Srivastava,CDM Capital,https://cdmcapital.in/,https://www.linkedin.com/in/anuraagsrivastava
Salil Bhargava,CDM Capital,https://cdmcapital.in/,https://www.linkedin.com/in/bhargavasalil
Mark Joseph,Chakra Fund,https://chakra.fund/,https://www.linkedin.com/in/mark-joseph-5a2182a8
Rampi Kandadai,Chakra Fund,https://chakra.fund/,https://www.linkedin.com/in/rampikandadai
Mahendra Jain,Chakra Fund,https://chakra.fund/,https://www.linkedin.com/in/mahendra-jain-aa8a651
John Zeratsky,Character,https://www.character.vc/,https://www.linkedin.com/in/johnzeratsky
Kristen Brillantes,Character,https://www.character.vc/,https://www.linkedin.com/in/kristen-brillantes
Ashley Menezes,ChrysCapital,https://chryscapital.com/,https://www.linkedin.com/in/ashley-menezes-8166b1171
Kevin Kopczynski,Congruent Ventures,https://www.congruentvc.com/,https://www.linkedin.com/in/kevin-kopczynski
Marianne Wu,Congruent Ventures,https://www.congruentvc.com/,https://www.linkedin.com/in/mariannewu
Eliza Cushman,Congruent Ventures,https://www.congruentvc.com/,https://www.linkedin.com/in/eliza-cushman
Gray Robinson,Congruent Ventures,https://www.congruentvc.com/,https://www.linkedin.com/in/cgrayrobinson
Jonny Clifford,Entrepreneur First,https://www.joinef.com/,https://www.linkedin.com/in/jonnyclifford
Elspeth Lawson,Entrepreneur First,https://www.joinef.com/,https://www.linkedin.com/in/lawsonelspeth
Preeti Nellore Sampat,Eximius Ventures,https://eximiusvc.com/,https://www.linkedin.com/in/preetisampat
Aman Jain,GetFive,https://getfive.in/,https://www.linkedin.com/in/csamanjain
Liew Tzu Mi,GIC Private Limited,https://www.gic.com.sg/,https://www.linkedin.com/in/tzu-mi-liew-b9495193
Justin Hall,Golden Gate Ventures,https://www.goldengate.vc/,https://www.linkedin.com/in/justinhallvc
Angela Toy,Golden Gate Ventures,https://www.goldengate.vc/,https://www.linkedin.com/in/angelatoy
Michael Lints,Golden Gate Ventures,https://www.goldengate.vc/,https://www.linkedin.com/in/mhlints
Hussain Abdulla,Golden Gate Ventures,https://www.goldengate.vc/,https://www.linkedin.com/in/hussain-abdulla-64928757
Jeffrey Chua,Golden Gate Ventures,https://www.goldengate.vc/,https://www.linkedin.com/in/jeffrey-chua-029206107
Andrew Brackin,Gradient Ventures,https://www.gradient.com/,https://www.linkedin.com/in/brackin
Clayton Petty,Gradient Ventures,https://www.gradient.com/,https://www.linkedin.com/in/cdpetty
Harish R,India Alternatives,https://www.india-alt.com/,https://www.linkedin.com/in/harish-ravichandran-4a3b7a1a
Yogesh Kulkarni,Indusbridge Ventures,https://www.indusbridgeventures.com/,https://www.linkedin.com/in/yogesh-kulkarni-b4786914b
David Brantner,Indusbridge Ventures,https://www.indusbridgeventures.com/,https://www.linkedin.com/in/davidmbrantner
Sandeep Daga,Indusbridge Ventures,https://www.indusbridgeventures.com/,https://www.linkedin.com/in/sandeep-daga-05b318
SG Murali,Indusbridge Ventures,https://www.indusbridgeventures.com/,https://www.linkedin.com/in/murali-s-g-89951244
Jyoti Devjani,Indusbridge Ventures,https://www.indusbridgeventures.com/,https://www.linkedin.com/in/jyoti-devjani-54260375
Mitesh Shah,Inflection Point Ventures,https://ipventures.in/,https://www.linkedin.com/in/mitesh-shah-0627873
Abdul Guefor,Intel Capital,https://www.intelcapital.com/,https://www.linkedin.com/in/abdul-guefor-354487
Mark Rostick,Intel Capital,https://www.intelcapital.com/,https://www.linkedin.com/in/mrostick
Jayesh Bhatia,Intellecap,https://www.intellecap.com/,https://www.linkedin.com/in/jayesh-bhatia-9133834
Pramod Kasat,Intellecap,https://www.intellecap.com/,https://www.linkedin.com/in/pramodkasat
Santosh Singh,Intellecap,https://www.intellecap.com/,https://www.linkedin.com/in/santoshksingh
Manoj Kumar Nambiar,Intellecap,https://www.intellecap.com/,https://www.linkedin.com/in/manoj-kumar-nambiar-671662b
Vineet Chandra Rai,Intellecap,https://www.intellecap.com/,https://www.linkedin.com/in/vineet-rai-536160
Ketki Tulpule,IXP Lifesciences,https://ixplifesciences.com/,https://www.linkedin.com/in/ketkitulpule
Ravindra Krishnappa,July Ventures,https://www.julyventures.com/,https://www.linkedin.com/in/ravindrakrishnappa
Suresh TR,July Ventures,https://www.julyventures.com/,https://www.linkedin.com/in/trsuresh
Vishwanath MS,July Ventures,https://www.julyventures.com/,https://www.linkedin.com/in/vishwanathms
Prakash Rao,July Ventures,https://www.julyventures.com/,https://www.linkedin.com/in/prakash-rao-7a16ab17
Bhushan Rao,July Ventures,https://www.julyventures.com/,https://www.linkedin.com/in/bhushan-rao-0b14b91b
Paul Bishop,LocalGlobe,https://www.localglobe.vc/,https://www.linkedin.com/in/paul-bishop-283695a
Remus Brett,LocalGlobe,https://www.localglobe.vc/,https://www.linkedin.com/in/remus-brett-5245181
Benjamin Grol,LocalGlobe,https://www.localglobe.vc/,https://www.linkedin.com/in/benjamingrol
Clay Dumas,Lowercarbon Capital,https://lowercarboncapital.com/,https://www.linkedin.com/in/clay-dumas
Caie Kelley,Lowercarbon Capital,https://lowercarboncapital.com/,https://www.linkedin.com/in/caie-kelley
Lauren Faber O'Connor,Lowercarbon Capital,https://lowercarboncapital.com/,https://www.linkedin.com/in/laurenfaber
Ajay Srinivasan,Lumis Partners,https://lumispartners.com/,https://www.linkedin.com/in/linksrinivasan
Mukesh Aghi,Lumis Partners,https://lumispartners.com/,https://www.linkedin.com/in/mukeshaghi
Arjun Malhotra,Lumis Partners,https://lumispartners.com/,https://www.linkedin.com/in/arjun-malhotra-5b07005
Rajesh Jejurikar,Mahindra Sparkle,https://www.mahindra.com/,https://www.linkedin.com/in/rajesh-jejurikar-03aa64124
Amarjyoti Barua,Mahindra Sparkle,https://www.mahindra.com/,https://www.linkedin.com/in/amarjyoti-barua-9b22222
Mohit Joshi,Mahindra Sparkle,https://www.mahindra.com/,https://www.linkedin.com/in/themohitjoshipage
Amit Kumar Sinha,Mahindra Sparkle,https://www.mahindra.com/,https://www.linkedin.com/in/amitsinha3
Basant Kumar Mohata,Manjushree Ventures,https://www.manjushreeventures.com/,https://www.linkedin.com/in/basant-m-6561091a3
Pranav Sanghvi,Merak Ventures,https://merakventures.com/,https://www.linkedin.com/in/pranav-sanghvi
Sreya Rakshit,Merak Ventures,https://merakventures.com/,https://www.linkedin.com/in/sreyarakshit
Abraham Thomas,Merak Ventures,https://merakventures.com/,https://www.linkedin.com/in/athomasq
Soumitra Mishra,Merak Ventures,https://merakventures.com/,https://www.linkedin.com/in/soumitramishra
Brian Smith,Multicoin Capital,https://multicoin.capital/,https://www.linkedin.com/in/briansmith32
Colton Dempsey,next47,https://next47.com/,https://www.linkedin.com/in/colton-dempsey
"Tiba Aynechi, Ph.D.",Norwest Venture Partners,https://nvp.com/,https://www.linkedin.com/in/tiba-aynechi-b5b3651
Dror Nahumi,Norwest Venture Partners,https://nvp.com/,https://www.linkedin.com/in/drornahumi
"Zack Scott, MD",Norwest Venture Partners,https://nvp.com/,https://www.linkedin.com/in/zack-scott-85aa70
Jessica Huang Pouleur,Openspace Ventures,https://www.openspace.vc/,https://www.linkedin.com/in/jessica-huang-pouleur-9529711
Cosmo Jiang,Pantera Capital,https://panteracapital.com/,https://www.linkedin.com/in/cosmojiang
Franklin Bi,Pantera Capital,https://panteracapital.com/,https://www.linkedin.com/in/franklinbi
Matt Gorham,Pantera Capital,https://panteracapital.com/,https://www.linkedin.com/in/matt-gorham-cfa-036bb84
Ricardo Sequerra Amram,Point Nine Capital,https://www.pointnine.com/,https://www.linkedin.com/in/ricardosequerra
Aleksandra Zorylo,Point Nine Capital,https://www.pointnine.com/,https://www.linkedin.com/in/aleksandra-zorylo-4942302b
Kris Gopalakrishnan,Pratithi Investments,https://pratithi.com/,https://www.linkedin.com/in/kris-gopalakrishnan-10b49950
Abhishek Panda,Pratithi Investments,https://pratithi.com/,https://www.linkedin.com/in/abhishek-panda-654242ab
Sakshi Budhadev,Pratithi Investments,https://pratithi.com/,https://www.linkedin.com/in/sakshi-budhadev
B. Ganesh Shenoy,Precog Innovation Partners,https://precoginnovations.com/,https://www.linkedin.com/in/b-ganesh-shenoy-48765945
Amit Dhamija,Precog Innovation Partners,https://precoginnovations.com/,https://www.linkedin.com/in/amit-dhamija-86a9433
Abhishek Dhawan,Precog Innovation Partners,https://precoginnovations.com/,https://www.linkedin.com/in/abhishek-dhawan-2428007
Bhumika Singh,Precog Innovation Partners,https://precoginnovations.com/,https://www.linkedin.com/in/bhumikasingh
Amias Gerety,QED Investors,https://qedinvestors.com/,https://www.linkedin.com/in/amias-gerety
Bill Cilluffo,QED Investors,https://qedinvestors.com/,https://www.linkedin.com/in/bill-cilluffo-7030931
Camila Vieira,QED Investors,https://qedinvestors.com/,https://www.linkedin.com/in/camila-vieira-fernandes-85bb3943
Gbenga Ajayi,QED Investors,https://qedinvestors.com/,https://www.linkedin.com/in/gbengaajayi
Laura Bock,QED Investors,https://qedinvestors.com/,https://www.linkedin.com/in/laura-bock-03492a35
Albert Wang,Qualcomm Ventures,https://www.qualcommventures.com/,https://www.linkedin.com/in/albertwang
Ganesh Rengaswamy,Quona Capital,https://quona.com/,https://www.linkedin.com/in/ganeshrengaswamy
Rafa de la Guia,Quona Capital,https://quona.com/,https://www.linkedin.com/in/rafadelaguia
Mr. Gautam Shroff,Revanta Capital,https://revantacapital.com/,https://www.linkedin.com/in/gautam-shroff-aba8061b
Julien Cristiani,SE Ventures,https://se.ventures/,https://www.linkedin.com/in/juliencristiani
Carlos (CK) Kokron,SE Ventures,https://se.ventures/,https://www.linkedin.com/in/carloskokron
Siddharth Mehta,SE Ventures,https://se.ventures/,https://www.linkedin.com/in/mehtasiddh
Brad Jones,SE Ventures,https://se.ventures/,https://www.linkedin.com/in/bradleystephenjones
Gemma Odena Bultó,SE Ventures,https://se.ventures/,https://www.linkedin.com/in/gemma-odena-bulto
Felix Martinez,Seedcamp,https://seedcamp.com/,https://www.linkedin.com/in/felixjmartinez
Devin Hunt,Seedcamp,https://seedcamp.com/,https://www.linkedin.com/in/devinhunt
Mohan S. Iyer,SOSV,https://sosv.com/,https://www.linkedin.com/in/mohansiyer
Duncan Turner,SOSV,https://sosv.com/,https://www.linkedin.com/in/duncan-turner-b08630
Yash Jain,Sparrow Capital,https://sparrowvc.com/,https://www.linkedin.com/in/yashjainiitr
Aakash Goyal,Sparrow Capital,https://sparrowvc.com/,https://www.linkedin.com/in/aakashmgoyal
Suresh Jain,Sun Icon Ventures,https://sunicon.vc/,https://www.linkedin.com/in/suresh-jain-653b0513
Ritesh Toshniwal,Thinkuvate,https://thinkuvate.com/,https://www.linkedin.com/in/riteshtoshniwal
Vikas Saxena,Thinkuvate,https://thinkuvate.com/,https://www.linkedin.com/in/vikas-saxena-771b873
Kunal Bahl,Titan Capital,https://www.titancapital.vc/,https://www.linkedin.com/in/kunalbahl
Rohit Bansal,Titan Capital,https://www.titancapital.vc/,https://www.linkedin.com/in/rohitkbansal
Shiv Kapoor,Titan Capital,https://www.titancapital.vc/,https://www.linkedin.com/in/shivkapoor21
Divya Sehgal,True North,https://www.truenorth.co.in/,https://www.linkedin.com/in/divya-sehgal-a81b751
Maninder Singh Juneja,True North,https://www.truenorth.co.in/,https://www.linkedin.com/in/maninder-singh-juneja-35a01a13
Igor Burlakov,Verb Ventures,https://verb.ventures/,https://www.linkedin.com/in/igor-burlakov-a6257826
Stefania Chaitidou,Verb Ventures,https://verb.ventures/,https://www.linkedin.com/in/stefania-chaitidou
Abhilash Paul,Verb Ventures,https://verb.ventures/,https://www.linkedin.com/in/abhilashpaul
Dureka Oldenburg Carrasquillo,Verb Ventures,https://verb.ventures/,https://www.linkedin.com/in/dureka-oldenburg-carrasquillo-8aa7a34
Ben MATHIAS,Vertex Ventures SE Asia & India,https://www.vertexventures.sg/,https://www.linkedin.com/in/mathiasben
Genping LIU,Vertex Ventures SE Asia & India,https://www.vertexventures.sg/,https://www.linkedin.com/in/liugenping
Reid Hoffman,Village Global,https://villageglobal.vc/,https://www.linkedin.com/in/reidhoffman
Ben Casnocha,Village Global,https://villageglobal.vc/,https://www.linkedin.com/in/bencasnocha
Lindsay M. Pettingill,Village Global,https://villageglobal.vc/,https://www.linkedin.com/in/lpettingill
Erik Torenberg,Village Global,https://villageglobal.vc/,https://www.linkedin.com/in/eriktorenberg
Liz Factor,Village Global,https://villageglobal.vc/,https://www.linkedin.com/in/liz-factor-800253205
