name,slug,typeId,website,stages,source
021 Capital,021-capital,vc,https://021.capital,"Seed,Series A",https://www.sebi.gov.in/sebiweb/other/OtherAction.do?doRecognisedFpi=yes&intmId=16
108 Capital,108-capital,vc,https://108.vc,"Seed,Series A",https://www.sebi.gov.in/sebiweb/other/OtherAction.do?doRecognisedFpi=yes&intmId=16
2am VC,2am-vc,vc,https://www.2amvc.com,"Pre-Seed,Series A",
77 East Ventures,77-east-ventures,vc,https://77eastvp.com,"Seed,Series A",https://www.sebi.gov.in/sebiweb/other/OtherAction.do?doRecognisedFpi=yes&intmId=16
Aagama Ventures,aagama-ventures,vc,https://aagama.vc,"Seed,Series A",https://www.sebi.gov.in/sebiweb/other/OtherAction.do?doRecognisedFpi=yes&intmId=16
Accion Venture Lab,accion-venture-lab,vc,https://www.accion.org,Pre-Seed,https://www.accion.org
Acumen,acumen,vc,https://acumen.org,"Seed,Series A",https://acumen.org
Advantedge,advantedge,vc,https://advantedge.vc,"Seed,Series A",https://www.sebi.gov.in/sebiweb/other/OtherAction.do?doRecognisedFpi=yes&intmId=16
Alyxis Ventures,alyxis-ventures,vc,https://alyxisventures.com,"Seed,Series A",https://www.sebi.gov.in/sebiweb/other/OtherAction.do?doRecognisedFpi=yes&intmId=16
Amicus Capital,amicus-capital,vc,https://amicuscapital.in,"Series A,Series B",https://amicuscapital.in
Andreessen Horowitz,andreessen-horowitz,vc,https://a16z.com,"Seed,Series A,Series B",https://a16z.com
Asha Impact,asha-impact,vc,https://ashaimpact.com,"Seed,Series A",https://ashaimpact.com
Asha Ventures,asha-ventures,vc,https://ashaventures.in,"Seed,Series A",https://www.sebi.gov.in/sebiweb/other/OtherAction.do?doRecognisedFpi=yes&intmId=16
Atomico,atomico,vc,https://www.atomico.com,"Series A,Series B",https://www.atomico.com
Audacity Ventures,audacity-ventures,vc,https://audacityvc.com,"Seed,Series A",https://www.sebi.gov.in/sebiweb/other/OtherAction.do?doRecognisedFpi=yes&intmId=16
AudTen Capital,audten-capital,vc,https://audten.vc,"Seed,Series A",https://www.sebi.gov.in/sebiweb/other/OtherAction.do?doRecognisedFpi=yes&intmId=16
Aureolis Ventures,aureolis-ventures,vc,https://aureolis.co.in,"Pre-Seed,Series A",
Avaana Capital,avaana-capital,vc,https://avaanacapital.com,"Seed,Series A",https://avaanacapital.com
Balderton Capital,balderton-capital,vc,https://www.balderton.com,"Series A,Series B",https://www.balderton.com
Beams VC,beams-vc,vc,https://beams.vc,"Seed,Series A",https://www.sebi.gov.in/sebiweb/other/OtherAction.do?doRecognisedFpi=yes&intmId=16
Bessemer Venture Partners,bessemer-venture-partners,vc,https://www.bvp.com,"Seed,Series A,Series B",https://www.bvp.com
Breakthrough Energy Ventures,breakthrough-energy-ventures,vc,https://www.breakthroughenergy.org,"Series A,Series B",https://www.breakthroughenergy.org
Breathe Capital,breathe-capital,vc,https://breathecap.com,"Seed,Series A",https://www.sebi.gov.in/sebiweb/other/OtherAction.do?doRecognisedFpi=yes&intmId=16
British International Investment,british-international-investment,vc,https://www.bii.co.uk,"Series A,Series B,Series C+",https://www.bii.co.uk
Canbank Venture Capital Fund,canbank-venture-capital-fund,vc,https://www.canbankventure.com,"Seed,Series A",https://www.canbankventure.com
Capitar Ventures,capitar-ventures,vc,https://capitar.in,"Seed,Series A",https://www.sebi.gov.in/sebiweb/other/OtherAction.do?doRecognisedFpi=yes&intmId=16
Caspian Impact Investments,caspian-impact-investments,vc,https://www.caspian.in,"Seed,Series A",https://www.caspian.in
CDM Capital,cdm-capital,vc,https://cdmcapital.in,"Seed,Series A",https://www.sebi.gov.in/sebiweb/other/OtherAction.do?doRecognisedFpi=yes&intmId=16
Chakra Fund,chakra-fund,vc,https://chakra.fund,"Seed,Series A",https://www.sebi.gov.in/sebiweb/other/OtherAction.do?doRecognisedFpi=yes&intmId=16
Circulate Capital,circulate-capital,vc,https://circulatecapital.com,"Seed,Series A",https://circulatecapital.com
Coatue Management,coatue-management,vc,https://www.coatue.com,"Series A,Series B,Series C+",https://www.coatue.com
Coinbase Ventures,coinbase-ventures,vc,https://www.coinbase.com/ventures,"Seed,Series A",https://www.coinbase.com/ventures
Congruent Ventures,congruent-ventures,vc,https://congruentvc.com,"Seed,Series A",https://congruentvc.com
ConsumerX Ventures,consumerx-ventures,vc,https://consumerx.vc,"Seed,Series A",https://www.sebi.gov.in/sebiweb/other/OtherAction.do?doRecognisedFpi=yes&intmId=16
Dezerv,dezerv,vc,https://dezerv.in,"Seed,Series A",https://www.sebi.gov.in/sebiweb/other/OtherAction.do?doRecognisedFpi=yes&intmId=16
Disruption Fund,disruption-fund,vc,https://disruption.fund,"Seed,Series A",https://www.sebi.gov.in/sebiweb/other/OtherAction.do?doRecognisedFpi=yes&intmId=16
Dragoneer Investment Group,dragoneer-investment-group,vc,https://www.dragoneer.com,Series C+,https://www.dragoneer.com
DST Global,dst-global,vc,https://dstglobal.com,"Series B,Series C+",https://dstglobal.com
Ekamya,ekamya,vc,https://ekamya.com,"Seed,Series A",https://www.sebi.gov.in/sebiweb/other/OtherAction.do?doRecognisedFpi=yes&intmId=16
Energy Impact Partners,energy-impact-partners,vc,https://www.energyimpactpartners.com,"Series A,Series B",https://www.energyimpactpartners.com
Equanimity Ventures,equanimity-ventures,vc,https://equanimity.vc,"Seed,Series A",https://www.sebi.gov.in/sebiweb/other/OtherAction.do?doRecognisedFpi=yes&intmId=16
Equirus Ventures,equirus-ventures,vc,https://equirus.vc,"Seed,Series A",https://www.sebi.gov.in/sebiweb/other/OtherAction.do?doRecognisedFpi=yes&intmId=16
FBC Fund,fbc-fund,vc,https://fbcfund.com,"Seed,Series A",https://www.sebi.gov.in/sebiweb/other/OtherAction.do?doRecognisedFpi=yes&intmId=16
First and Fast Capital,first-and-fast-capital,vc,https://firstandfast.vc,"Seed,Series A",https://www.sebi.gov.in/sebiweb/other/OtherAction.do?doRecognisedFpi=yes&intmId=16
First Assetz,first-assetz,vc,https://firstassetz.com,"Seed,Series A",https://www.sebi.gov.in/sebiweb/other/OtherAction.do?doRecognisedFpi=yes&intmId=16
FirstPort Capital,firstport-capital,vc,https://firstport.vc,"Seed,Series A",https://www.sebi.gov.in/sebiweb/other/OtherAction.do?doRecognisedFpi=yes&intmId=16
Flourish Ventures,flourish-ventures,vc,https://flourishventures.com,"Seed,Series A",https://flourishventures.com
FMO Entrepreneurial Development Bank,fmo-entrepreneurial-development-bank,vc,https://www.fmo.nl,"Series A,Series B,Series C+",https://www.fmo.nl
Founders Fund,founders-fund,vc,https://foundersfund.com,"Seed,Series A,Series B",https://foundersfund.com
Fundalogical Ventures,fundalogical-ventures,vc,https://fundalogical.com,"Seed,Series A",https://www.sebi.gov.in/sebiweb/other/OtherAction.do?doRecognisedFpi=yes&intmId=16
Fundamental Ventures,fundamental-ventures,vc,https://fundamentalvc.in,"Seed,Series A",https://www.sebi.gov.in/sebiweb/other/OtherAction.do?doRecognisedFpi=yes&intmId=16
GetFive,getfive,vc,https://getfive.in,"Seed,Series A",https://www.sebi.gov.in/sebiweb/other/OtherAction.do?doRecognisedFpi=yes&intmId=16
Gnan Circle,gnan-circle,vc,https://gnancircle.com,"Seed,Series A",https://www.sebi.gov.in/sebiweb/other/OtherAction.do?doRecognisedFpi=yes&intmId=16
Golden Gate Ventures,golden-gate-ventures,vc,https://goldengate.vc,"Seed,Series A",https://goldengate.vc
Green Marble VC,green-marble-vc,vc,https://greenmarble.vc,"Seed,Series A",https://www.sebi.gov.in/sebiweb/other/OtherAction.do?doRecognisedFpi=yes&intmId=16
Greyhound Capital,greyhound-capital,vc,https://greyhoundcap.com,"Series A,Series B,Series C+",https://greyhoundcap.com
GrowthAlly Capital,growthally-capital,vc,https://growthally.org,"Seed,Series A",https://www.sebi.gov.in/sebiweb/other/OtherAction.do?doRecognisedFpi=yes&intmId=16
HDFC Capital,hdfc-capital,vc,https://www.hdfccapital.com,"Series A,Series B",https://www.hdfccapital.com
IAN Fund,ian-fund,vc,https://www.ianfund.com,Pre-Seed,https://www.ianfund.com
IFCI Venture Capital Funds,ifci-venture-capital-funds,vc,https://www.ifciventure.com,"Seed,Series A,Series B",https://www.ifciventure.com
IKP Venture,ikp-venture,vc,https://ikpimc.in,"Seed,Series A",https://www.sebi.gov.in/sebiweb/other/OtherAction.do?doRecognisedFpi=yes&intmId=16
Incube8 Ventures,incube8-ventures,vc,https://incube8.vc,"Seed,Series A",https://www.sebi.gov.in/sebiweb/other/OtherAction.do?doRecognisedFpi=yes&intmId=16
Induckt VC,induckt-vc,vc,https://inducktvc.com,"Seed,Series A",https://www.sebi.gov.in/sebiweb/other/OtherAction.do?doRecognisedFpi=yes&intmId=16
Indusbridge Ventures,indusbridge-ventures,vc,https://indusbridgeventures.com,"Seed,Series A",https://www.sebi.gov.in/sebiweb/other/OtherAction.do?doRecognisedFpi=yes&intmId=16
Infuse Ventures,infuse-ventures,vc,https://infuseventures.com,"Seed,Series A",https://infuseventures.com
Insight Partners,insight-partners,vc,https://www.insightpartners.com,"Series A,Series B,Series C+",https://www.insightpartners.com
Insignia Ventures Partners,insignia-ventures-partners,vc,https://insignia.vc,"Seed,Series A,Series B",https://insignia.vc
IXP Lifesciences,ixp-lifesciences,vc,https://ixplifesciences.com,"Seed,Series A",https://www.sebi.gov.in/sebiweb/other/OtherAction.do?doRecognisedFpi=yes&intmId=16
J4S Alliance,j4s-alliance,vc,https://j4salliance.com,"Seed,Series A",https://www.sebi.gov.in/sebiweb/other/OtherAction.do?doRecognisedFpi=yes&intmId=16
JAFCO Asia,jafco-asia,vc,https://www.jafco.asia,"Seed,Series A,Series B",https://www.jafco.asia
Jamwant Ventures,jamwant-ventures,vc,https://jamwantventures.com,"Seed,Series A",https://www.sebi.gov.in/sebiweb/other/OtherAction.do?doRecognisedFpi=yes&intmId=16
Jungle Ventures,jungle-ventures,vc,https://www.jungle.vc,"Seed,Series A,Series B",https://www.jungle.vc
Kathyawad Ventures,kathyawad-ventures,vc,https://kathyawadventures.in,"Seed,Series C+",
Lavni Ventures,lavni-ventures,vc,https://lavni.co.in,"Seed,Series A",https://www.sebi.gov.in/sebiweb/other/OtherAction.do?doRecognisedFpi=yes&intmId=16
LocalGlobe,localglobe,vc,https://www.localglobe.vc,"Seed,Series A",https://www.localglobe.vc
LongView Ventures,longview-ventures,vc,https://longview-ventures.com,"Seed,Series A",https://www.sebi.gov.in/sebiweb/other/OtherAction.do?doRecognisedFpi=yes&intmId=16
Lowercarbon Capital,lowercarbon-capital,vc,https://lowercarboncapital.com,"Seed,Series A",https://lowercarboncapital.com
Makia Capital,makia-capital,vc,https://makiacapital.com,"Seed,Series A",https://www.sebi.gov.in/sebiweb/other/OtherAction.do?doRecognisedFpi=yes&intmId=16
Mechanism Capital,mechanism-capital,vc,https://www.mechanism.capital,"Seed,Series A",https://www.mechanism.capital
Mela Ventures,mela-ventures,vc,https://melaventures.in,"Seed,Series A",https://www.sebi.gov.in/sebiweb/other/OtherAction.do?doRecognisedFpi=yes&intmId=16
Merisis Ventures,merisis-ventures,vc,https://merisis.in,"Seed,Series A",https://www.sebi.gov.in/sebiweb/other/OtherAction.do?doRecognisedFpi=yes&intmId=16
Michael & Susan Dell Foundation,michael-and-susan-dell-foundation,vc,https://www.dell.org,"Seed,Series A",https://www.dell.org
Mitsubishi UFJ Capital,mitsubishi-ufj-capital,vc,https://www.mucap.co.jp,"Seed,Series A",https://www.mucap.co.jp
Morphosis Ventures,morphosis-ventures,vc,https://morphosisvc.in,"Seed,Series A",https://www.sebi.gov.in/sebiweb/other/OtherAction.do?doRecognisedFpi=yes&intmId=16
Multicoin Capital,multicoin-capital,vc,https://multicoin.capital,"Seed,Series A",https://multicoin.capital
NABKISAN Finance / NABARD ecosystem,nabkisan-finance-nabard-ecosystem,vc,https://www.nabard.org,"Seed,Series A",https://www.nabard.org
NABVENTURES,nabventures,vc,https://nabventures.in,"Seed,Series A",https://nabventures.in
Native Smart Capital,native-smart-capital,vc,https://nativesmart.capital,Pre-Seed,https://nativesmart.capital
Navam Capital,navam-capital,vc,https://navamcapital.com,"Seed,Series A",https://www.sebi.gov.in/sebiweb/other/OtherAction.do?doRecognisedFpi=yes&intmId=16
Naya Ventures,naya-ventures,vc,https://nayaventures.com,"Seed,Series A",https://www.sebi.gov.in/sebiweb/other/OtherAction.do?doRecognisedFpi=yes&intmId=16
New Enterprise Associates,new-enterprise-associates,vc,https://www.nea.com,"Series A,Series B,Series C+",https://www.nea.com
New Leaf,new-leaf,vc,https://newleafia.com,"Seed,Series A",https://www.sebi.gov.in/sebiweb/other/OtherAction.do?doRecognisedFpi=yes&intmId=16
NIIF,niif,vc,https://www.niifindia.in,"Series B,Series C+",https://www.niifindia.in
NilaCap,nilacap,vc,https://nilacap.com,"Seed,Series A",https://www.sebi.gov.in/sebiweb/other/OtherAction.do?doRecognisedFpi=yes&intmId=16
Norfund,norfund,vc,https://www.norfund.no,"Series A,Series B",https://www.norfund.no
OnePoint44,onepoint44,vc,https://onepoint44.com,"Seed,Series A",https://www.sebi.gov.in/sebiweb/other/OtherAction.do?doRecognisedFpi=yes&intmId=16
Openspace Ventures,openspace-ventures,vc,https://www.openspace.vc,"Seed,Series A,Series B",https://www.openspace.vc
Pangram Ventures,pangram-ventures,vc,https://pangram.vc,"Seed,Series A",https://www.sebi.gov.in/sebiweb/other/OtherAction.do?doRecognisedFpi=yes&intmId=16
PanIIT Alumni,paniit-alumni,vc,https://paniit.org,"Seed,Series A",https://www.sebi.gov.in/sebiweb/other/OtherAction.do?doRecognisedFpi=yes&intmId=16
Pantera Capital,pantera-capital,vc,https://panteracapital.com,"Seed,Series A,Series B",https://panteracapital.com
Paradigm,paradigm,vc,https://www.paradigm.xyz,"Seed,Series A,Series B",https://www.paradigm.xyz
Patamar Capital,patamar-capital,vc,https://patamar.com,"Seed,Series A",https://patamar.com
Pavilion Capital,pavilion-capital,vc,https://www.pavilioncapital.com,"Series A,Series B,Series C+",https://www.pavilioncapital.com
Phi Capital,phi-capital,vc,https://phicapital.in,"Seed,Series A",https://www.sebi.gov.in/sebiweb/other/OtherAction.do?doRecognisedFpi=yes&intmId=16
Pivot Ventures,pivot-ventures,vc,https://pivotventures.in,"Seed,Series A",https://www.sebi.gov.in/sebiweb/other/OtherAction.do?doRecognisedFpi=yes&intmId=16
Point Nine Capital,point-nine-capital,vc,https://pointnine.com,"Seed,Series A",https://pointnine.com
Polygon Ventures,polygon-ventures,vc,https://polygon.technology,"Seed,Series A",https://polygon.technology
Prana Ventures,prana-ventures,vc,https://pranaventures.in,"Seed,Series A",https://www.sebi.gov.in/sebiweb/other/OtherAction.do?doRecognisedFpi=yes&intmId=16
Precog Innovation Partners,precog-innovation-partners,vc,https://precoginnovations.com,Seed,
Proparco,proparco,vc,https://www.proparco.fr,"Series A,Series B,Series C+",https://www.proparco.fr
QED Investors,qed-investors,vc,https://qedinvestors.com,"Seed,Series A,Series B",https://qedinvestors.com
Quona Capital,quona-capital,vc,https://quona.com,"Seed,Series A,Series B",https://quona.com
Rebright Partners,rebright-partners,vc,https://rebrightpartners.com,"Seed,Series A",https://rebrightpartners.com
Refex Capital,refex-capital,vc,https://refex.co.in,"Seed,Series A",https://www.sebi.gov.in/sebiweb/other/OtherAction.do?doRecognisedFpi=yes&intmId=16
Rockstud Capital,rockstud-capital,vc,https://rockstudcap.com,"Seed,Series A",https://www.sebi.gov.in/sebiweb/other/OtherAction.do?doRecognisedFpi=yes&intmId=16
Roots Ventures,roots-ventures,vc,https://roots-ventures.com,"Seed,Series A",https://www.sebi.gov.in/sebiweb/other/OtherAction.do?doRecognisedFpi=yes&intmId=16
Roving Partners,roving-partners,vc,https://rovingpartners.com,"Seed,Series A",https://www.sebi.gov.in/sebiweb/other/OtherAction.do?doRecognisedFpi=yes&intmId=16
Sangam Ventures,sangam-ventures,vc,https://www.sangam.vc,Seed,
SBI Caps Ventures / SBICAP Ventures,sbi-caps-ventures-sbicap-ventures,vc,https://www.sbicapventures.com,"Seed,Series A,Series B",https://www.sbicapventures.com
SBI Investment,sbi-investment,vc,https://www.sbinvestment.co.jp,"Seed,Series A,Series B",https://www.sbinvestment.co.jp
Seedcamp,seedcamp,vc,https://seedcamp.com,Pre-Seed,https://seedcamp.com
Seedfund,seedfund,vc,https://seedfund.com,Pre-Seed,https://seedfund.com
SIDBI Venture Capital,sidbi-venture-capital,vc,https://www.sidbiventure.co.in,"Seed,Series A",https://www.sidbiventure.co.in
Silver Needle,silver-needle,vc,https://silverneedle.vc,"Seed,Series A",https://www.sebi.gov.in/sebiweb/other/OtherAction.do?doRecognisedFpi=yes&intmId=16
Sistema Asia Fund,sistema-asia-fund,vc,https://sistemaasiafund.com,"Seed,Series A",https://www.sebi.gov.in/sebiweb/other/OtherAction.do?doRecognisedFpi=yes&intmId=16
Small Ticket Funding,small-ticket-funding,vc,https://smallticketfunding.vc,"Seed,Series A",https://www.sebi.gov.in/sebiweb/other/OtherAction.do?doRecognisedFpi=yes&intmId=16
SoftBank Investment Advisers,softbank-investment-advisers,vc,https://group.softbank,"Series B,Series C+",https://group.softbank
SoftBank Ventures Asia,softbank-ventures-asia,vc,https://www.softbank.com,"Seed,Series A,Series B",https://visionfund.softbank
SOSV,sosv,vc,https://sosv.com,Pre-Seed,https://sosv.com
Startup-O,startup-o,vc,https://startup-o.com,"Seed,Series A",https://www.sebi.gov.in/sebiweb/other/OtherAction.do?doRecognisedFpi=yes&intmId=16
Steadview Capital,steadview-capital,vc,https://steadview.com,"Series B,Series C+",https://steadview.com
SucSEED Indovation,sucseed-indovation,vc,https://sucseed.biz,"Seed,Series A",https://www.sebi.gov.in/sebiweb/other/OtherAction.do?doRecognisedFpi=yes&intmId=16
Swishin Ventures,swishin-ventures,vc,https://swishin.vc,"Seed,Series A",https://www.sebi.gov.in/sebiweb/other/OtherAction.do?doRecognisedFpi=yes&intmId=16
Systemiq Capital,systemiq-capital,vc,https://www.systemiq.earth,"Seed,Series A",https://www.systemiq.earth
Takshil Ventures,takshil-ventures,vc,https://takshil.vc,"Seed,Series A",https://www.sebi.gov.in/sebiweb/other/OtherAction.do?doRecognisedFpi=yes&intmId=16
Tavasya Capital,tavasya-capital,vc,https://tavasyacapital.in,"Seed,Series A",https://www.sebi.gov.in/sebiweb/other/OtherAction.do?doRecognisedFpi=yes&intmId=16
Tenacity Ventures,tenacity-ventures,vc,https://tenacity.vc,"Seed,Series A",https://www.sebi.gov.in/sebiweb/other/OtherAction.do?doRecognisedFpi=yes&intmId=16
Thinkuvate,thinkuvate,vc,https://thinkuvate.com,"Seed,Series A",https://www.sebi.gov.in/sebiweb/other/OtherAction.do?doRecognisedFpi=yes&intmId=16
Thrive Capital,thrive-capital,vc,https://thrivecap.com,"Series A,Series B,Series C+",https://thrivecap.com
Tilt Capital,tilt-capital,vc,https://tiltcap.org,"Seed,Series A",https://www.sebi.gov.in/sebiweb/other/OtherAction.do?doRecognisedFpi=yes&intmId=16
TransCon Capital,transcon-capital,vc,https://transconcapital.com,"Seed,Series A",https://www.sebi.gov.in/sebiweb/other/OtherAction.do?doRecognisedFpi=yes&intmId=16
Tryrock Capital,tryrock-capital,vc,https://tryrock.com,"Seed,Series A",https://www.sebi.gov.in/sebiweb/other/OtherAction.do?doRecognisedFpi=yes&intmId=16
V-Cube Ventures,v-cube-ventures,vc,https://vcube.one,"Seed,Series A",https://www.sebi.gov.in/sebiweb/other/OtherAction.do?doRecognisedFpi=yes&intmId=16
Valar Ventures,valar-ventures,vc,https://www.valar.com,"Seed,Series A",https://www.valar.com
ValleyNXT Ventures,valleynxt-ventures,vc,https://valleynxtventures.com,"Seed,Series A",https://www.sebi.gov.in/sebiweb/other/OtherAction.do?doRecognisedFpi=yes&intmId=16
Varanium Capital Advisors,varanium-capital-advisors,vc,https://varanium.com,"Seed,Series A,Series B",https://varanium.com
Ventana Ventures,ventana-ventures,vc,https://ventanaventures.in,"Seed,Series A",https://www.sebi.gov.in/sebiweb/other/OtherAction.do?doRecognisedFpi=yes&intmId=16
Venture Gurukool,venture-gurukool,vc,https://venturegurukool.com,"Seed,Series A",https://www.sebi.gov.in/sebiweb/other/OtherAction.do?doRecognisedFpi=yes&intmId=16
Vertex Ventures,vertex-ventures,vc,https://www.vertexventures.com,"Seed,Pre-Series A,Series B",
W Health Ventures,w-health-ventures,vc,https://whealthventures.com,"Seed,Series A",https://www.sebi.gov.in/sebiweb/other/OtherAction.do?doRecognisedFpi=yes&intmId=16
Wavemaker Partners,wavemaker-partners,vc,https://wavemaker.vc,"Seed,Series A",https://wavemaker.vc
White Whale,white-whale,vc,https://whitewhale.in,"Seed,Series A",https://www.sebi.gov.in/sebiweb/other/OtherAction.do?doRecognisedFpi=yes&intmId=16
Woodstock Fund,woodstock-fund,vc,https://woodstock.fund,"Seed,Series A",https://woodstock.fund
YZi Labs,yzi-labs,vc,https://www.binance.com,"Seed,Series A",https://www.binance.com
Zeropearl VC,zeropearl-vc,vc,https://zeropearl.vc,Pre-Seed,
Advent International,advent-international,pe,https://www.adventinternational.com,Series C+,https://www.adventinternational.com
Allvest,allvest,pe,https://allvest.co,"Series B,Series C+",https://www.sebi.gov.in/sebiweb/other/OtherAction.do?doRecognisedFpi=yes&intmId=16
Apax Partners,apax-partners,pe,https://www.apax.com,Series C+,https://www.apax.com
Avatar Growth Capital,avatar-growth-capital,pe,https://avatargcp.com,"Series B,Series C+",https://www.sebi.gov.in/sebiweb/other/OtherAction.do?doRecognisedFpi=yes&intmId=16
Bain Capital,bain-capital,pe,https://www.baincapital.com,Series C+,https://www.baincapital.com
Blackstone Growth,blackstone-growth,pe,https://www.blackstone.com,Series C+,https://www.blackstone.com
Carlyle Group,carlyle-group,pe,https://www.carlyle.com,Series C+,https://www.carlyle.com
Creador,creador,pe,https://www.creador.com,"Series B,Series C+",https://www.creador.com
Edelweiss Alternative Asset Advisors,edelweiss-alternative-asset-advisors,pe,https://www.edelweissfin.com,"Series C+,Debt",https://www.edelweissfin.com
Faering Capital,faering-capital,pe,https://faeringcapital.com,"Series B,Series C+",https://www.sebi.gov.in/sebiweb/other/OtherAction.do?doRecognisedFpi=yes&intmId=16
General Atlantic,general-atlantic,pe,https://www.generalatlantic.com,"Series B,Series C+",https://www.generalatlantic.com
GIC Private Limited,gic-private-limited,pe,https://www.gic.com.sg,Series C+,https://www.gic.com.sg
Hegd Investments,hegd-investments,pe,https://hegdinvst.com,"Series B,Series C+",https://www.sebi.gov.in/sebiweb/other/OtherAction.do?doRecognisedFpi=yes&intmId=16
ICICI Venture,icici-venture,pe,https://www.iciciventure.com,"Series B,Series C+",https://www.iciciventure.com
IIFL Seed Venture Fund / IIFL PE,iifl-seed-venture-fund-iifl-pe,pe,https://www.iifl.com,Series C+,https://www.iifl.com
JM Financial Private Equity,jm-financial-private-equity,pe,https://www.jmfl.com,Series C+,https://www.jmfl.com
KKR,kkr,pe,https://www.kkr.com,Series C+,https://www.kkr.com
Kotak Private Equity,kotak-private-equity,pe,https://www.kotak.com,Series C+,https://www.kotak.com
Lighthouse Canton,lighthouse-canton,pe,https://www.lighthouse-canton.com,Series C+,https://www.lighthouse-canton.com
Motilal Oswal Private Equity,motilal-oswal-private-equity,pe,https://www.motilaloswal.com,Series C+,https://www.motilaloswal.com
Paragon Partners,paragon-partners,pe,https://paragonpartners.in,"Series B,Series C+",https://www.sebi.gov.in/sebiweb/other/OtherAction.do?doRecognisedFpi=yes&intmId=16
Piramal Alternatives,piramal-alternatives,pe,https://www.piramal.com,"Series C+,Debt",https://www.piramal.com
Revanta Capital,revanta-capital,pe,https://revantacapital.com,"Series B,Series C+",https://www.sebi.gov.in/sebiweb/other/OtherAction.do?doRecognisedFpi=yes&intmId=16
Temasek,temasek,pe,https://www.temasek.com.sg,Series C+,https://www.temasek.com.sg
True North,true-north,pe,https://www.truenorth.co.in,"Series B,Series C+",https://www.truenorth.co.in
Vincere Partners,vincere-partners,pe,https://vincerepartners.in,"Series B,Series C+",https://www.sebi.gov.in/sebiweb/other/OtherAction.do?doRecognisedFpi=yes&intmId=16
Warburg Pincus,warburg-pincus,pe,https://www.warburgpincus.com,Series C+,https://www.warburgpincus.com
Pratithi Investments,pratithi-investments,family-office,https://pratithi.com,Debt,
Reddy Ventures,reddy-ventures,family-office,https://www.reddy.co.in,Series C+,
Spectrum Impact,spectrum-impact,family-office,https://spectrum-impact.org,Seed,
Calcutta Angels Network,calcutta-angels-network,syndicate,https://calcuttaangels.com,Pre-Seed,https://calcuttaangels.com
Growth valley,growth-valley,syndicate,https://growthvalley.in,"Pre-Seed,Pre-Series A,Series B",
Hyderabad Angels,hyderabad-angels,syndicate,https://hyderabadangels.com,Pre-Seed,https://hyderabadangels.com
IAMAI Angel Network,iamai-angel-network,syndicate,https://www.iamai.in,Pre-Seed,https://www.iamai.in
JITO Angel Network,jito-angel-network,syndicate,https://www.jito.org,Pre-Seed,https://www.jito.org
Lead Angels,lead-angels,syndicate,https://leadangels.in,Pre-Seed,https://leadangels.in
LetsVenture,letsventure,syndicate,https://www.letsventure.com,Pre-Seed,https://www.letsventure.com
Mumbai Angels Network,mumbai-angels-network,syndicate,https://www.mumbaiangels.com,Pre-Seed,https://www.mumbaiangels.com
Nativelead Foundation / Nativelead Angels,nativelead-foundation-nativelead-angels,syndicate,https://nativelead.com,Pre-Seed,https://nativelead.com
TiE Bangalore Angels,tie-bangalore-angels,syndicate,https://bangalore.tie.org,Pre-Seed,https://bangalore.tie.org
TiE Chennai Angels,tie-chennai-angels,syndicate,https://chennai.tie.org,Pre-Seed,https://chennai.tie.org
TiE Delhi-NCR Angels,tie-delhi-ncr-angels,syndicate,https://delhi.tie.org,Pre-Seed,https://delhi.tie.org
TiE Hyderabad Angels,tie-hyderabad-angels,syndicate,https://hyderabad.tie.org,Pre-Seed,https://hyderabad.tie.org
TiE Mumbai Angels,tie-mumbai-angels,syndicate,https://mumbai.tie.org,Pre-Seed,https://mumbai.tie.org
888 VC,888-vc,accelerator,https://888vc.co,Pre-Seed,https://www.sebi.gov.in/sebiweb/other/OtherAction.do?doRecognisedFpi=yes&intmId=16
a-IDEA NAARM,a-idea-naarm,accelerator,https://www.aidea.naarm.org.in,Pre-Seed,https://www.aidea.naarm.org.in
Acumen Academy India,acumen-academy-india,accelerator,https://acumenacademy.org,Pre-Seed,https://acumenacademy.org
Agri Udaan,agri-udaan,accelerator,https://www.agriudaan.com,Pre-Seed,https://www.agriudaan.com
Amrita TBI,amrita-tbi,accelerator,https://www.amrita.edu,Pre-Seed,https://www.amrita.edu
Antler,antler,accelerator,https://www.antler.co,Pre-Seed,https://www.antler.co
Ashoka University Entrepreneurship,ashoka-university-entrepreneurship,accelerator,https://www.ashoka.edu.in,Pre-Seed,https://www.ashoka.edu.in
AWS Activate India,aws-activate-india,accelerator,https://aws.amazon.com/startups,Pre-Seed,https://aws.amazon.com/startups
Bangalore Bioinnovation Centre Angels / BBC,bangalore-bioinnovation-centre-angels-bbc,accelerator,https://www.bioinnovationcentre.com,Pre-Seed,https://www.bioinnovationcentre.com
BIRAC,birac,accelerator,https://www.birac.nic.in,Pre-Seed,https://www.birac.nic.in
BITS Pilani TBI,bits-pilani-tbi,accelerator,https://www.bits-pilani.ac.in,Pre-Seed,https://www.bits-pilani.ac.in
Bosch Startup Harbor India,bosch-startup-harbor-india,accelerator,https://www.bosch.com,Pre-Seed,https://www.bosch.com
C-CAMP,c-camp,accelerator,https://www.ccamp.res.in,Pre-Seed,https://www.ccamp.res.in
Cashfree for Startups,cashfree-for-startups,accelerator,https://www.cashfree.com,Pre-Seed,https://www.cashfree.com
CIE IIIT Hyderabad,cie-iiit-hyderabad,accelerator,https://cie.iiit.ac.in,Pre-Seed,https://cie.iiit.ac.in
CIIE.CO,ciie-co,accelerator,https://ciie.co,Pre-Seed,https://ciie.co
Cisco LaunchPad,cisco-launchpad,accelerator,https://launchpad.cisco.com,Pre-Seed,https://launchpad.cisco.com
Dasra,dasra,accelerator,https://www.dasra.org,Pre-Seed,https://www.dasra.org
Deshpande Startups,deshpande-startups,accelerator,https://www.deshpandefoundation.org,Pre-Seed,https://www.deshpandefoundation.org
Electropreneur Park,electropreneur-park,accelerator,https://www.electropreneurpark.com,Pre-Seed,https://www.electropreneurpark.com
Entrepreneur First,entrepreneur-first,accelerator,https://www.joinef.com,Pre-Seed,https://www.joinef.com
FITT IIT Delhi,fitt-iit-delhi,accelerator,https://fitt-iitd.in,Pre-Seed,https://fitt-iitd.in
Forge Innovation & Ventures,forge-innovation-and-ventures,accelerator,https://www.forgeforward.in,Pre-Seed,https://www.forgeforward.in
Founders Institute Bangalore,founders-institute-bangalore,accelerator,https://fi.co,Pre-Seed,https://fi.co
Founders Institute Hyderabad,founders-institute-hyderabad,accelerator,https://fi.co,Pre-Seed,https://fi.co
Founders Institute Mumbai,founders-institute-mumbai,accelerator,https://fi.co,Pre-Seed,https://fi.co
Goa Startup Mission,goa-startup-mission,accelerator,https://www.goa.gov.in,Pre-Seed,https://www.goa.gov.in
Google for Startups Accelerator India,google-for-startups-accelerator-india,accelerator,https://startup.google.com,Pre-Seed,https://startup.google.com
Gujarat Student Startup Innovation Hub / i-Hub,gujarat-student-startup-innovation-hub-i-hub,accelerator,https://www.startupgujarat.in,Pre-Seed,https://www.startupgujarat.in
Headstart Network Foundation,headstart-network-foundation,accelerator,https://www.headstart.in,Pre-Seed,https://www.headstart.in
iCreate,icreate,accelerator,https://www.icreate.org.in,Pre-Seed,https://www.icreate.org.in
iDEX,idex,accelerator,https://idex.gov.in,Pre-Seed,https://idex.gov.in
IIM Calcutta Innovation Park,iim-calcutta-innovation-park,accelerator,https://www.iimcip.org,Pre-Seed,https://www.iimcip.org
IIM Kozhikode LIVE,iim-kozhikode-live,accelerator,https://iimk.ac.in,Pre-Seed,https://iimk.ac.in
IIM Lucknow Enterprise Incubator,iim-lucknow-enterprise-incubator,accelerator,https://www.iiml.ac.in,Pre-Seed,https://www.iiml.ac.in
IISc SID,iisc-sid,accelerator,https://sid.iisc.ac.in,Pre-Seed,https://sid.iisc.ac.in
IIT Bhubaneswar Research & Entrepreneurship Park,iit-bhubaneswar-research-and-entrepreneurship-park,accelerator,https://www.iitbbs.ac.in,Pre-Seed,https://www.iitbbs.ac.in
IIT Guwahati Technology Incubation Centre,iit-guwahati-technology-incubation-centre,accelerator,https://www.iitg.ac.in,Pre-Seed,https://www.iitg.ac.in
IIT Hyderabad i-TIC,iit-hyderabad-i-tic,accelerator,https://i-tic.iith.ac.in,Pre-Seed,https://i-tic.iith.ac.in
IIT Indore Innovation,iit-indore-innovation,accelerator,https://www.iiti.ac.in,Pre-Seed,https://www.iiti.ac.in
IIT Madras Incubation Cell,iit-madras-incubation-cell,accelerator,https://www.incubation.iitm.ac.in,Pre-Seed,https://www.incubation.iitm.ac.in
IIT Mandi Catalyst,iit-mandi-catalyst,accelerator,https://www.iitmandi.ac.in,Pre-Seed,https://www.iitmandi.ac.in
IIT Roorkee TIDES,iit-roorkee-tides,accelerator,https://www.iitr.ac.in,Pre-Seed,https://www.iitr.ac.in
IIT Ropar Incubation Foundation,iit-ropar-incubation-foundation,accelerator,https://www.iitrpr.ac.in,Pre-Seed,https://www.iitrpr.ac.in
IKP Knowledge Park,ikp-knowledge-park,accelerator,https://www.ikpknowledgepark.com,Pre-Seed,https://www.ikpknowledgepark.com
Intel India Ignite,intel-india-ignite,accelerator,https://www.intel.in,Pre-Seed,https://www.intel.in
Intellecap,intellecap,accelerator,https://www.intellecap.com,Pre-Seed,https://www.intellecap.com
ISB DLabs / CEL,isb-dlabs-cel,accelerator,https://cel.isb.edu,Pre-Seed,https://cel.isb.edu
JioGenNext,jiogennext,accelerator,https://www.jiogennext.com,Pre-Seed,https://www.jiogennext.com
Karnataka Innovation Authority / Elevate,karnataka-innovation-authority-elevate,accelerator,https://startup.karnataka.gov.in,Pre-Seed,https://startup.karnataka.gov.in
Kerala Startup Mission,kerala-startup-mission,accelerator,https://startupmission.kerala.gov.in,Pre-Seed,https://startupmission.kerala.gov.in
KIIT-TBI,kiit-tbi,accelerator,https://kiitincubator.in,Pre-Seed,https://kiitincubator.in
Maharashtra State Innovation Society,maharashtra-state-innovation-society,accelerator,https://mahasbic.gov.in,Pre-Seed,https://mahasbic.gov.in
Mahindra Sparkle,mahindra-sparkle,accelerator,https://www.mahindra.com,Pre-Seed,https://www.mahindra.com
Manipal Universal TBI,manipal-universal-tbi,accelerator,https://manipal.edu,Pre-Seed,https://manipal.edu
MeitY Startup Hub / GENESIS partners,meity-startup-hub-genesis-partners,accelerator,https://msh.meity.gov.in,Pre-Seed,https://msh.meity.gov.in
MeitY TIDE 2.0,meity-tide-2-0,accelerator,https://www.meity.gov.in,Pre-Seed,https://www.meity.gov.in
Microsoft for Startups India,microsoft-for-startups-india,accelerator,https://www.microsoft.com/startups,Pre-Seed,https://www.microsoft.com/startups
NABI Mohali,nabi-mohali,accelerator,https://nabi.res.in,Pre-Seed,https://nabi.res.in
NASSCOM 10000 Startups,nasscom-10000-startups,accelerator,https://10000startups.com,Pre-Seed,https://10000startups.com
NASSCOM CoE Fintech,nasscom-coe-fintech,accelerator,https://www.nasscom.in,Pre-Seed,https://www.nasscom.in
NASSCOM CoE IoT & AI,nasscom-coe-iot-and-ai,accelerator,https://www.nasscom.in,Pre-Seed,https://www.nasscom.in
NIDHI PRAYAS,nidhi-prayas,accelerator,https://www.nstedb.com,Pre-Seed,https://www.nstedb.com
NIT Trichy TBI,nit-trichy-tbi,accelerator,https://www.nitt.edu,Pre-Seed,https://www.nitt.edu
NITK STEP,nitk-step,accelerator,https://www.nitk.ac.in,Pre-Seed,https://www.nitk.ac.in
NSRCEL,nsrcel,accelerator,https://nsrcel.org,Pre-Seed,https://nsrcel.org
NVIDIA Inception,nvidia-inception,accelerator,https://www.nvidia.com/en-us/startups/,Pre-Seed,https://www.nvidia.com/en-us/startups/
Odisha Startup / Startup Odisha,odisha-startup-startup-odisha,accelerator,https://startupodisha.gov.in,Pre-Seed,https://startupodisha.gov.in
Plaksha University Launchpad,plaksha-university-launchpad,accelerator,https://plaksha.edu.in,Pre-Seed,https://plaksha.edu.in
PSG-STEP,psg-step,accelerator,https://psgstep.org,Pre-Seed,https://psgstep.org
Pusa Krishi,pusa-krishi,accelerator,https://pusakrishi.iari.res.in,Pre-Seed,https://pusakrishi.iari.res.in
Qualcomm Design in India Startup,qualcomm-design-in-india-startup,accelerator,https://www.qualcomm.com,Pre-Seed,https://www.qualcomm.com
Razorpay Rize,razorpay-rize,accelerator,https://rize.razorpay.com,Pre-Seed,https://rize.razorpay.com
RKVY-RAFTAAR Incubators,rkvy-raftaar-incubators,accelerator,https://rkvy.nic.in,Pre-Seed,https://rkvy.nic.in
RTBI IIT Madras,rtbi-iit-madras,accelerator,https://www.rtbi.in,Pre-Seed,https://www.rtbi.in
SAP.iO Foundry India,sap-io-foundry-india,accelerator,https://sap.io,Pre-Seed,https://sap.io
SIIC IIT Kanpur,siic-iit-kanpur,accelerator,https://siic.iitk.ac.in,Pre-Seed,https://siic.iitk.ac.in
SINE IIT Bombay,sine-iit-bombay,accelerator,https://sineiitb.org,Pre-Seed,https://sineiitb.org
SRM Innovation Incubation Centre,srm-innovation-incubation-centre,accelerator,https://www.srmist.edu.in,Pre-Seed,https://www.srmist.edu.in
Startup Haryana,startup-haryana,accelerator,https://startupharyana.gov.in,Pre-Seed,https://startupharyana.gov.in
Startup Oasis,startup-oasis,accelerator,https://startupoasis.in,Pre-Seed,https://startupoasis.in
Startup Punjab,startup-punjab,accelerator,https://www.startuppunjab.gov.in,Pre-Seed,https://www.startuppunjab.gov.in
STPI Centres of Entrepreneurship,stpi-centres-of-entrepreneurship,accelerator,https://www.stpi.in,Pre-Seed,https://www.stpi.in
Surge,surge,accelerator,https://surge.com,Seed,https://surge.com
T-Hub,t-hub,accelerator,https://t-hub.co,Pre-Seed,https://t-hub.co
T-Works,t-works,accelerator,https://tworks.in,Pre-Seed,https://tworks.in
Tamil Nadu Startup & Innovation Mission,tamil-nadu-startup-and-innovation-mission,accelerator,https://startuptn.in,Pre-Seed,https://startuptn.in
Techstars,techstars,accelerator,https://www.techstars.com,Pre-Seed,https://www.techstars.com
Telangana TSIC / T-Hub related programs,telangana-tsic-t-hub-related-programs,accelerator,https://enrich.telangana.gov.in,Pre-Seed,https://enrich.telangana.gov.in
TiE Nurture,tie-nurture,accelerator,https://tie.org,Pre-Seed,https://tie.org
TiE ScaleUp,tie-scaleup,accelerator,https://tie.org,"Seed,Series A",https://tie.org
UnLtd India,unltd-india,accelerator,https://www.unltdindia.org,Pre-Seed,https://www.unltdindia.org
Village Capital India,village-capital-india,accelerator,https://vilcap.com,Pre-Seed,https://vilcap.com
Villgro,villgro,accelerator,https://villgro.org,Pre-Seed,https://villgro.org
VIT-TBI,vit-tbi,accelerator,https://vit.ac.in,Pre-Seed,https://vit.ac.in
WEIN Capital,wein-capital,accelerator,https://weincapital.in,Seed,
Yes Fintech,yes-fintech,accelerator,https://www.yesbank.in,Pre-Seed,https://www.yesbank.in
Zone Startups India,zone-startups-india,accelerator,https://zonestartups.com,Pre-Seed,https://zonestartups.com
Amazon Smbhav Venture Fund,amazon-smbhav-venture-fund,corporate,https://www.aboutamazon.in,"Seed,Series A",https://www.aboutamazon.in
Apollo Connect / Apollo Hospitals Ventures,apollo-connect-apollo-hospitals-ventures,corporate,https://www.apollohospitals.com,"Seed,Series A",https://www.apollohospitals.com
Bajaj Labs / Bajaj Finserv Ventures,bajaj-labs-bajaj-finserv-ventures,corporate,https://www.bajajfinserv.in,"Seed,Series A",https://www.bajajfinserv.in
Biocon Innovation / Biocon Ventures,biocon-innovation-biocon-ventures,corporate,https://www.biocon.com,"Seed,Series A",https://www.biocon.com
Birlasoft Ventures,birlasoft-ventures,corporate,https://www.birlasoft.com,"Seed,Series A",https://www.birlasoft.com
Bosch Ventures,bosch-ventures,corporate,https://www.bosch.ventures,"Seed,Series A",https://www.bosch.ventures
BP Ventures,bp-ventures,corporate,https://www.bp.com,"Seed,Series A",https://www.bp.com
Brand Capital,brand-capital,corporate,https://brandcapital.co.in,"Seed,Series A",https://brandcapital.co.in
BrowserStack Investments,browserstack-investments,corporate,https://www.browserstack.com,"Seed,Series A",https://www.browserstack.com
Chargebee Investments,chargebee-investments,corporate,https://www.chargebee.com,"Seed,Series A",https://www.chargebee.com
Cipla New Ventures,cipla-new-ventures,corporate,https://www.cipla.com,"Seed,Series A",https://www.cipla.com
Cisco Investments,cisco-investments,corporate,https://www.cisco.com,"Series A,Series B",https://www.cisco.com/c/en/us/about/corporate-strategy-office/investments.html
CitiusTech Investments,citiustech-investments,corporate,https://www.citiustech.com,"Seed,Series A",https://www.citiustech.com
CoinDCX Ventures,coindcx-ventures,corporate,https://coindcx.com,"Seed,Series A",https://coindcx.com
Delivery Hero Ventures,delivery-hero-ventures,corporate,https://www.deliveryhero.com,"Seed,Series A",https://www.deliveryhero.com
Dr Reddy's Ventures,dr-reddy-s-ventures,corporate,https://www.drreddys.com,"Seed,Series A",https://www.drreddys.com
Dream Sports Ventures,dream-sports-ventures,corporate,https://www.dreamsports.gg,"Seed,Series A",https://www.dreamsports.gg
Flipkart Ventures,flipkart-ventures,corporate,https://stories.flipkart.com,"Seed,Series A",https://stories.flipkart.com
Freshworks Capital,freshworks-capital,corporate,https://www.freshworks.com,"Seed,Series A",https://www.freshworks.com
Gradient Ventures,gradient-ventures,corporate,https://www.gradient.com,"Seed,Series A",https://www.gradient.com
HCL Software Investments,hcl-software-investments,corporate,https://www.hcltech.com,"Seed,Series A",https://www.hcltech.com
Hero Enterprise,hero-enterprise,corporate,https://www.heroenterprise.com,"Seed,Series A,Series B",https://www.heroenterprise.com
Honda Ventures,honda-ventures,corporate,https://www.honda.com,"Seed,Series A",https://www.honda.com
Hyundai CRADLE,hyundai-cradle,corporate,https://cradle.hyundai.com,"Seed,Series A",https://cradle.hyundai.com
Info Edge Ventures,info-edge-ventures,corporate,https://www.infoedge.com,"Seed,Series A,Series B",https://www.infoedge.com
Infosys Innovation Fund,infosys-innovation-fund,corporate,https://www.infosys.com,"Seed,Series A",https://www.infosys.com
Intel Capital,intel-capital,corporate,https://www.intelcapital.com,"Seed,Series A,Series B",https://www.intelcapital.com
Invert by Groww,invert-by-groww,corporate,https://groww.in,"Seed,Series A",https://groww.in
L&T Technology Services Ventures,l-and-t-technology-services-ventures,corporate,https://www.ltts.com,"Seed,Series A",https://www.ltts.com
Lupin Digital Health Ventures,lupin-digital-health-ventures,corporate,https://www.lupin.com,"Seed,Series A",https://www.lupin.com
M12,m12,corporate,https://m12.vc,"Seed,Series A,Series B",https://m12.vc
Mahindra Partners,mahindra-partners,corporate,https://www.mahindrapartners.com,"Series A,Series B,Series C+",https://www.mahindrapartners.com
Marico Growth Ventures,marico-growth-ventures,corporate,https://www.marico.com,"Seed,Series A",https://www.marico.com
Mindtree Ventures / LTIMindtree Investments,mindtree-ventures-ltimindtree-investments,corporate,https://www.ltimindtree.com,"Seed,Series A",https://www.ltimindtree.com
Mphasis NEXT Labs Investments,mphasis-next-labs-investments,corporate,https://www.mphasis.com,"Seed,Series A",https://www.mphasis.com
Naspers Foundry,naspers-foundry,corporate,https://www.naspers.com,"Seed,Series A",https://www.naspers.com
Nazara Ventures,nazara-ventures,corporate,https://www.nazara.com,"Seed,Series A",https://www.nazara.com
Nestlé Ventures,nestl-ventures,corporate,https://www.nestle.com,"Seed,Series A",https://www.nestle.com
next47,next47,corporate,https://next47.com,"Seed,Series A,Series B",https://next47.com
PayU Ventures,payu-ventures,corporate,https://www.payu.in,"Seed,Series A",https://www.payu.in
Persistent Ventures,persistent-ventures,corporate,https://www.persistent.com,"Seed,Series A",https://www.persistent.com
Postman Capital,postman-capital,corporate,https://www.postman.com,"Seed,Series A",https://www.postman.com
Prosus Ventures,prosus-ventures,corporate,https://www.prosus.com,"Series A,Series B,Series C+",https://www.prosus.com
Qualcomm Ventures,qualcomm-ventures,corporate,https://www.qualcommventures.com,"Seed,Series A,Series B",https://www.qualcommventures.com
Reliance Ventures,reliance-ventures,corporate,https://www.ril.com,"Series A,Series B,Series C+",https://www.ril.com
Samsung Ventures,samsung-ventures,corporate,https://www.samsungventures.com,"Seed,Series A,Series B",https://www.samsungventures.com
SC Ventures,sc-ventures,corporate,https://www.sc.com/en/ventures/,"Seed,Series A",https://www.sc.com/en/ventures/
Scalable Capital,scalable-capital,corporate,https://scalable.capital,,
SE Ventures,se-ventures,corporate,https://se.ventures,"Seed,Series A",https://se.ventures
Shell Ventures,shell-ventures,corporate,https://www.shell.com/ventures,"Seed,Series A,Series B",https://www.shell.com/ventures
Sony Innovation Fund,sony-innovation-fund,corporate,https://www.sonyinnovationfund.com,"Seed,Series A",https://www.sonyinnovationfund.com
Sun Pharma Ventures,sun-pharma-ventures,corporate,https://www.sunpharma.com,"Seed,Series A",https://www.sunpharma.com
Tata Capital Innovations,tata-capital-innovations,corporate,https://www.tatacapital.com,"Seed,Series A",https://www.tatacapital.com
TCS Co-Innovation / TCS Ventures,tcs-co-innovation-tcs-ventures,corporate,https://www.tcs.com,"Seed,Series A",https://www.tcs.com
Tech Mahindra Ventures,tech-mahindra-ventures,corporate,https://www.techmahindra.com,"Seed,Series A",https://www.techmahindra.com
TotalEnergies Ventures,totalenergies-ventures,corporate,https://totalenergies.com,"Seed,Series A",https://totalenergies.com
Toyota Ventures,toyota-ventures,corporate,https://www.toyota.ventures,"Seed,Series A",https://www.toyota.ventures
Unilever Ventures,unilever-ventures,corporate,https://www.unileverventures.com,"Seed,Series A",https://www.unileverventures.com
upGrad Ventures,upgrad-ventures,corporate,https://www.upgrad.com,"Seed,Series A",https://www.upgrad.com
Wipro Ventures,wipro-ventures,corporate,https://www.wipro.com,"Seed,Series A",https://www.wipro.com
Zoho Investments,zoho-investments,corporate,https://www.zoho.com,"Seed,Series A",https://www.zoho.com
Anand Chandrasekaran,anand-chandrasekaran,angel,https://www.celesta.vc,Pre-Seed,
Anupam Mittal,anupam-mittal,angel,https://www.shaadi.com,Pre-Seed,
BeyondSeed,beyondseed,angel,https://beyondseed.sg,Pre-Seed,https://www.sebi.gov.in/sebiweb/other/OtherAction.do?doRecognisedFpi=yes&intmId=16
Cogniphy,cogniphy,angel,https://cogniphy.us,Pre-Seed,https://www.sebi.gov.in/sebiweb/other/OtherAction.do?doRecognisedFpi=yes&intmId=16
Equentis,equentis,angel,https://equentis.com,Pre-Seed,https://www.sebi.gov.in/sebiweb/other/OtherAction.do?doRecognisedFpi=yes&intmId=16
Gaurav Munjal,gaurav-munjal,angel,https://unacademy.com,Pre-Seed,
InCred Ventures,incred-ventures,angel,https://incred.com,Pre-Seed,https://www.sebi.gov.in/sebiweb/other/OtherAction.do?doRecognisedFpi=yes&intmId=16
Infinyte Club,infinyte-club,angel,https://infinyte.club,Pre-Seed,https://www.sebi.gov.in/sebiweb/other/OtherAction.do?doRecognisedFpi=yes&intmId=16
Kunal Shah,kunal-shah,angel,https://cred.club,Pre-Seed,
Negen Capital,negen-capital,angel,https://negencapital.com,Pre-Seed,https://www.sebi.gov.in/sebiweb/other/OtherAction.do?doRecognisedFpi=yes&intmId=16
Perpetuity,perpetuity,angel,https://perpetuity.co.in,Pre-Seed,https://www.sebi.gov.in/sebiweb/other/OtherAction.do?doRecognisedFpi=yes&intmId=16
Rajan Anandan,rajan-anandan,angel,https://www.linkedin.com/in/rajananandan,Pre-Seed,https://www.linkedin.com/in/rajananandan
Soonicorn Ventures,soonicorn-ventures,angel,https://soonicornventures.com,Pre-Seed,https://www.sebi.gov.in/sebiweb/other/OtherAction.do?doRecognisedFpi=yes&intmId=16
Transition VC,transition-vc,angel,https://transitionventurecapital.com,Pre-Seed,https://www.sebi.gov.in/sebiweb/other/OtherAction.do?doRecognisedFpi=yes&intmId=16
Wisdom Smith Angels,wisdom-smith-angels,angel,https://wisdomsmith.com,Pre-Seed,https://www.sebi.gov.in/sebiweb/other/OtherAction.do?doRecognisedFpi=yes&intmId=16
