Company,Company Type,"Invests in(Preseed, Seed, Series A ...)",Company Thesis,Sector,Cheque Size,Website,Company Linkedin,Notes,Investment Criteria (evaluation),Process / Extra Notes,Detailed Writeup (~200 words),Data Confidence,India relevance,Source,Wave,Status
Kalyan Krishnamurthy,Angel / Individual,"Pre-Seed, Seed",,"Consumer / D2C, Logistics",,,,Flipkart CEO angel activity,,,,Unverified – inferred,HQ India,deal press,C-angels,approved_high
Harsh Mariwala,Angel / Individual,"Pre-Seed, Seed, Series A",,Consumer / D2C,,,,Marico / Sharrp — personal angel cheques,,,,Unverified – inferred,HQ India,deal press,C-angels,approved_high
Ashni Biyani,Angel / Individual,"Pre-Seed, Seed",,Consumer / D2C,,,,Future Group next-gen / retail,,,,Unverified – inferred,HQ India,deal press,C-angels,approved_high
Meena Ganesh,Angel / Individual,"Pre-Seed, Seed, Series A",,"Health, Consumer / D2C",,,,Portal player / health operator angel,,,,Unverified – inferred,HQ India,deal press,C-angels,approved_high
Ganesh Krishnan,Angel / Individual,"Pre-Seed, Seed, Series A",,Sector Agnostic,,,,Serial entrepreneur angel,,,,Unverified – inferred,HQ India,deal press,C-angels,approved_high
K Ganesh,Angel / Individual,"Pre-Seed, Seed",,Sector Agnostic,,,,May overlap Ganesh Krishnan — keep if distinct,,,,Unverified – inferred,HQ India,deal press,C-angels,approved_high
Revathi Kant,Angel / Individual,"Pre-Seed, Seed",,Consumer / D2C,,,,Tata Consumer / brand operator,,,,Unverified – inferred,HQ India,deal press,C-angels,approved_high
Sairee Chahal,Angel / Individual,"Pre-Seed, Seed",,"Impact, Consumer / D2C",,,,Sheroes founder angel,,,,Unverified – inferred,HQ India,deal press,C-angels,approved_high
Anisha Singh,Angel / Individual,"Pre-Seed, Seed",,Sector Agnostic,,,,mydala / operator angel,,,,Unverified – inferred,HQ India,deal press,C-angels,approved_high
Suchi Mukherjee,Angel / Individual,"Pre-Seed, Seed",,Consumer / D2C,,,,Limeroad founder angel,,,,Unverified – inferred,HQ India,deal press,C-angels,approved_high
Manish Tandon,Angel / Individual,"Pre-Seed, Seed",,Consumer / D2C,,,,Limeroad,,,,Unverified – inferred,HQ India,deal press,C-angels,approved_high
Praveen Sinha,Angel / Individual,"Pre-Seed, Seed",,"Logistics, Consumer / D2C",,,,Jabong co-founder,,,,Unverified – inferred,HQ India,deal press,C-angels,approved_high
Lakshmi Reddy,Angel / Individual,"Pre-Seed, Seed",,Consumer / D2C,,,,deal press,,,,Unverified – inferred,HQ India,deal press,C-angels,approved_high
Sridhar Vembu,Angel / Individual,"Pre-Seed, Seed",,SaaS / Enterprise,,,,Zoho founder angel,,,,Unverified – inferred,HQ India,deal press,C-angels,approved_high
Shekhar Kirani,Angel / Individual,"Pre-Seed, Seed",,SaaS / Enterprise,,,,Accel partner personal angel cheques,,,,Unverified – inferred,HQ India,deal press,C-angels,approved_high
Prashanth Prakash,Angel / Individual,"Pre-Seed, Seed",,Sector Agnostic,,,,Accel partner personal angel,,,,Unverified – inferred,HQ India,deal press,C-angels,approved_high
Abheek Anand,Angel / Individual,"Pre-Seed, Seed",,Sector Agnostic,,,,Peak XV / Sequoia partner angel,,,,Unverified – inferred,HQ India,deal press,C-angels,approved_high
Shailendra Singh,Angel / Individual,"Pre-Seed, Seed, Series A",,Sector Agnostic,,,,Peak XV partner angel,,,,Unverified – inferred,HQ India,deal press,C-angels,approved_high
Ravi Adusumalli,Angel / Individual,"Pre-Seed, Seed",,Sector Agnostic,,,,Elevation / SAIF legacy angel,,,,Unverified – inferred,HQ India,deal press,C-angels,approved_high
Karthik Reddy,Angel / Individual,"Pre-Seed, Seed",,Sector Agnostic,,,,Blume co-founder personal angel,,,,Unverified – inferred,HQ India,deal press,C-angels,approved_high
Sanjay Nath,Angel / Individual,"Pre-Seed, Seed",,Sector Agnostic,,,,Blume co-founder personal angel,,,,Unverified – inferred,HQ India,deal press,C-angels,approved_high
Vani Kola,Angel / Individual,"Pre-Seed, Seed",,Sector Agnostic,,,,Kalaari MD personal angel,,,,Unverified – inferred,HQ India,deal press,C-angels,approved_high
Sasha Mirchandani,Angel / Individual,"Pre-Seed, Seed",,Sector Agnostic,,,,Kae Capital — personal angel,,,,Unverified – inferred,HQ India,deal press,C-angels,approved_high
Anand Ladsariya,Angel / Individual,"Pre-Seed, Seed",,Sector Agnostic,,,,Kae / angel,,,,Unverified – inferred,HQ India,deal press,C-angels,approved_high
Rehan Yahya,Angel / Individual,"Pre-Seed, Seed",,Sector Agnostic,,,,Operator / angel,,,,Unverified – inferred,HQ India,deal press,C-angels,approved_high
Bala Parthasarathy,Angel / Individual,"Pre-Seed, Seed",,Sector Agnostic,,,,Micromax / angel,,,,Unverified – inferred,HQ India,deal press,C-angels,approved_high
Rahul Chandra,Angel / Individual,"Pre-Seed, Seed",,Sector Agnostic,,,,Helion / personal,,,,Unverified – inferred,HQ India,deal press,C-angels,approved_high
Ashish Gupta,Angel / Individual,"Pre-Seed, Seed",,Sector Agnostic,,,,Helion / LinkedIn India angel,,,,Unverified – inferred,HQ India,deal press,C-angels,approved_high
Sanjiv Kaul,Angel / Individual,"Pre-Seed, Seed",,Sector Agnostic,,,,Chiratae / personal,,,,Unverified – inferred,HQ India,deal press,C-angels,approved_high
Hemant Kanoria,Angel / Individual,"Pre-Seed, Seed",,Sector Agnostic,,,,angel / FO adjacent,,,,Unverified – inferred,HQ India,deal press,C-angels,approved_high
Rishad Premji,Angel / Individual,"Pre-Seed, Seed, Series A",,Sector Agnostic,,,,Wipro / Premji ecosystem angel,,,,Unverified – inferred,HQ India,deal press,C-angels,approved_high
T.V. Mohandas Pai,Angel / Individual,"Pre-Seed, Seed, Series A",,"Edtech, Sector Agnostic",,,,Aarin Capital / personal angel,,,,Unverified – inferred,HQ India,deal press,C-angels,approved_high
Naveen Tewari,Angel / Individual,"Pre-Seed, Seed",,"Consumer / D2C, Adtech",,,,InMobi founder angel,,,,Unverified – inferred,HQ India,deal press,C-angels,approved_high
Abhay Raosaheb,Angel / Individual,"Pre-Seed, Seed",,Sector Agnostic,,,,InMobi / operator,,,,Unverified – inferred,HQ India,deal press,C-angels,approved_high
Piyush Shah,Angel / Individual,"Pre-Seed, Seed",,SaaS / Enterprise,,,,BrowserStack co-founder angel,,,,Unverified – inferred,HQ India,deal press,C-angels,approved_high
Ritesh Arora,Angel / Individual,"Pre-Seed, Seed",,SaaS / Enterprise,,,,BrowserStack co-founder angel,,,,Unverified – inferred,HQ India,deal press,C-angels,approved_high
Abhinav Asthana,Angel / Individual,"Pre-Seed, Seed",,SaaS / Enterprise,,,,Postman co-founder angel,,,,Unverified – inferred,HQ India,deal press,C-angels,approved_high
Ankit Sobti,Angel / Individual,"Pre-Seed, Seed",,SaaS / Enterprise,,,,Postman co-founder angel,,,,Unverified – inferred,HQ India,deal press,C-angels,approved_high
Abhijit Kane,Angel / Individual,"Pre-Seed, Seed",,SaaS / Enterprise,,,,Postman co-founder angel,,,,Unverified – inferred,HQ India,deal press,C-angels,approved_high
Srihari Kumar,Angel / Individual,"Pre-Seed, Seed",,Fintech,,,,Cashfree co-founder angel,,,,Unverified – inferred,HQ India,deal press,C-angels,approved_high
Akash Sinha,Angel / Individual,"Pre-Seed, Seed",,Fintech,,,,Cashfree,,,,Unverified – inferred,HQ India,deal press,C-angels,approved_high
Yashwanth Kumar,Angel / Individual,"Pre-Seed, Seed",,Fintech,,,,Fintech operator angel,,,,Unverified – inferred,HQ India,deal press,C-angels,approved_high
Shailesh Rao,Angel / Individual,"Pre-Seed, Seed",,Sector Agnostic,,,,Twitter India / Google alum angel,,,,Unverified – inferred,HQ India,deal press,C-angels,approved_high
Caesar Sengupta,Angel / Individual,"Pre-Seed, Seed",,"Fintech, Sector Agnostic",,,,Google Pay alum angel,,,,Unverified – inferred,HQ India,deal press,C-angels,approved_high
Sameer Nigam,Angel / Individual,"Pre-Seed, Seed",,Fintech,,,,PhonePe founder angel,,,,Unverified – inferred,HQ India,deal press,C-angels,approved_high
Rahul Chari,Angel / Individual,"Pre-Seed, Seed",,Fintech,,,,PhonePe co-founder angel,,,,Unverified – inferred,HQ India,deal press,C-angels,approved_high
Burzin Engineer,Angel / Individual,"Pre-Seed, Seed",,Fintech,,,,PhonePe,,,,Unverified – inferred,HQ India,deal press,C-angels,approved_high
Vishal Gupta,Angel / Individual,"Pre-Seed, Seed",,Fintech,,,,Fintech operator,,,,Unverified – inferred,HQ India,deal press,C-angels,approved_high
Dhruv Sheth,Angel / Individual,"Pre-Seed, Seed",,Fintech,,,,CRED / fintech angel,,,,Unverified – inferred,HQ India,deal press,C-angels,approved_high
Bhavin Turakhia,Angel / Individual,"Pre-Seed, Seed",,"SaaS / Enterprise, Sector Agnostic",,,,Directi / Flock angel,,,,Unverified – inferred,HQ India,deal press,C-angels,approved_high
Divyank Turakhia,Angel / Individual,"Pre-Seed, Seed",,Sector Agnostic,,,,Media.net angel,,,,Unverified – inferred,HQ India,deal press,C-angels,approved_high
Radhakishan Damani,Angel / Individual,"Pre-Seed, Seed",,Consumer / D2C,,,,Avenue Supermarts — selective angel/FO,,,,Unverified – inferred,HQ India,deal press,C-angels,approved_high
Vijay Shekhar Sharma,Angel / Individual,"Pre-Seed, Seed",,Fintech,,,,Paytm founder angel,,,,Unverified – inferred,HQ India,deal press,C-angels,approved_high
Madhur Deora,Angel / Individual,"Pre-Seed, Seed",,Fintech,,,,Paytm,,,,Unverified – inferred,HQ India,deal press,C-angels,approved_high
Amit Nayyar,Angel / Individual,"Pre-Seed, Seed",,Consumer / D2C,,,,Paytm Mall / operator,,,,Unverified – inferred,HQ India,deal press,C-angels,approved_high
Deep Kalra,Angel / Individual,"Pre-Seed, Seed",,"Consumer / D2C, Travel",,,,MakeMyTrip founder angel,,,,Unverified – inferred,HQ India,deal press,C-angels,approved_high
Rajesh Magow,Angel / Individual,"Pre-Seed, Seed",,"Travel, Consumer / D2C",,,,MakeMyTrip,,,,Unverified – inferred,HQ India,deal press,C-angels,approved_high
Phani Raju,Angel / Individual,"Pre-Seed, Seed",,Travel,,,,MMT,,,,Unverified – inferred,HQ India,deal press,C-angels,approved_high
Dinesh Agarwal,Angel / Individual,"Pre-Seed, Seed",,Consumer / D2C,,,,IndiaMART founder angel,,,,Unverified – inferred,HQ India,deal press,C-angels,approved_high
Brijesh Agrawal,Angel / Individual,"Pre-Seed, Seed",,Consumer / D2C,,,,IndiaMART,,,,Unverified – inferred,HQ India,deal press,C-angels,approved_high
Narayana Murthy,Angel / Individual,"Pre-Seed, Seed, Series A",,Sector Agnostic,,,,Catamaran / personal angel activity,,,,Unverified – inferred,HQ India,deal press,C-angels,approved_high
Sudha Murty,Angel / Individual,"Pre-Seed, Seed",,"Impact, Edtech",,,,Philanthropy-adjacent angel selective,,,,Unverified – inferred,HQ India,deal press,C-angels,approved_high
Nandan Nilekani,Angel / Individual,"Pre-Seed, Seed, Series A",,Sector Agnostic,,,,Fundamentum / personal,,,,Unverified – inferred,HQ India,deal press,C-angels,approved_high
Rohini Nilekani,Angel / Individual,"Pre-Seed, Seed",,Impact,,,,Impact angel / FO,,,,Unverified – inferred,HQ India,deal press,C-angels,approved_high
Kris Gopalakrishnan,Angel / Individual,"Pre-Seed, Seed, Series A",,"Deep Tech, Sector Agnostic",,,,Axilor / personal,,,,Unverified – inferred,HQ India,deal press,C-angels,approved_high
S.D. Shibulal,Angel / Individual,"Pre-Seed, Seed",,Sector Agnostic,,,,Infosys founder angel,,,,Unverified – inferred,HQ India,deal press,C-angels,approved_high
V. Balakrishnan,Angel / Individual,"Pre-Seed, Seed",,Sector Agnostic,,,,Ex-Infosys CFO angel,,,,Unverified – inferred,HQ India,deal press,C-angels,approved_high
Ravi Venkatesan,Angel / Individual,"Pre-Seed, Seed",,Sector Agnostic,,,,Ex-Microsoft India chairman angel,,,,Unverified – inferred,HQ India,deal press,C-angels,approved_high
Kiran Mazumdar-Shaw,Angel / Individual,"Pre-Seed, Seed, Series A",,"Health, Biotech",,,,Biocon founder angel,,,,Unverified – inferred,HQ India,deal press,C-angels,approved_high
Dilip Shanghvi,Angel / Individual,"Pre-Seed, Seed",,Health,,,,Sun Pharma — selective,,,,Unverified – inferred,HQ India,deal press,C-angels,approved_high
Yusuf Hamied,Angel / Individual,"Pre-Seed, Seed",,Health,,,,Cipla — selective,,,,Unverified – inferred,HQ India,deal press,C-angels,approved_high
Leena Nair,Angel / Individual,"Pre-Seed, Seed",,Consumer / D2C,,,,Chanel / HUL alum angel,,,,Unverified – inferred,HQ India,deal press,C-angels,approved_high
Zia Mody,Angel / Individual,"Pre-Seed, Seed",,Sector Agnostic,,,,AZB — selective angel,,,,Unverified – inferred,HQ India,deal press,C-angels,approved_high
Haresh Chawla,Angel / Individual,"Pre-Seed, Seed",,"Consumer / D2C, Media",,,,True North / media operator angel,,,,Unverified – inferred,HQ India,deal press,C-angels,approved_high
Manish Vij,Angel / Individual,"Pre-Seed, Seed",,Sector Agnostic,,,,angel network active,,,,Unverified – inferred,HQ India,deal press,C-angels,approved_high
Sandeep Tandon,Angel / Individual,"Pre-Seed, Seed",,Sector Agnostic,,,,Primus / angel,,,,Unverified – inferred,HQ India,deal press,C-angels,approved_high
Sunil Kalra,Angel / Individual,"Pre-Seed, Seed",,Sector Agnostic,,,,Active India angel,,,,Unverified – inferred,HQ India,deal press,C-angels,approved_high
Anil Joshi,Angel / Individual,"Pre-Seed, Seed",,Sector Agnostic,,,,Unicorn India / angel,,,,Unverified – inferred,HQ India,deal press,C-angels,approved_high
Rishabh Gupta,Angel / Individual,"Pre-Seed, Seed",,Sector Agnostic,,,,angel,,,,Unverified – inferred,HQ India,deal press,C-angels,approved_high
Amit Gupta,Angel / Individual,"Pre-Seed, Seed",,Sector Agnostic,,,,angel — verify which Amit,,,,Unverified – inferred,HQ India,deal press,C-angels,approved_high
Sanjiv Rangrass,Angel / Individual,"Pre-Seed, Seed",,Agritech / Food,,,,ITC alum angel,,,,Unverified – inferred,HQ India,deal press,C-angels,approved_high
Pushkar Mukewar,Angel / Individual,"Pre-Seed, Seed",,Agritech / Food,,,,Ninjacart founder angel,,,,Unverified – inferred,HQ India,deal press,C-angels,approved_high
Thirukumaran Nagarajan,Angel / Individual,"Pre-Seed, Seed",,Agritech / Food,,,,Ninjacart,,,,Unverified – inferred,HQ India,deal press,C-angels,approved_high
Karthee Vidya,Angel / Individual,"Pre-Seed, Seed",,Deep Tech,,,,Speciale / personal angel,,,,Unverified – inferred,HQ India,deal press,C-angels,approved_high
Raghunandan G,Angel / Individual,"Pre-Seed, Seed",,Sector Agnostic,,,,TaxiForSure founder angel,,,,Unverified – inferred,HQ India,deal press,C-angels,approved_high
Sudhakar Reddy,Angel / Individual,"Pre-Seed, Seed",,Sector Agnostic,,,,angel,,,,Unverified – inferred,HQ India,deal press,C-angels,approved_high
Srikanth Iyer,Angel / Individual,"Pre-Seed, Seed",,Consumer / D2C,,,,Really Great Things / angel,,,,Unverified – inferred,HQ India,deal press,C-angels,approved_high
Ashish Goel,Angel / Individual,"Pre-Seed, Seed",,Consumer / D2C,,,,Urban Ladder founder angel,,,,Unverified – inferred,HQ India,deal press,C-angels,approved_high
Rahul Anand,Angel / Individual,"Pre-Seed, Seed",,Consumer / D2C,,,,angel,,,,Unverified – inferred,HQ India,deal press,C-angels,approved_high
Kavin Mittal,Angel / Individual,"Pre-Seed, Seed",,"Consumer / D2C, Media",,,,Hike founder angel,,,,Unverified – inferred,HQ India,deal press,C-angels,approved_high
Anirudh Bhati,Angel / Individual,"Pre-Seed, Seed",,Sector Agnostic,,,,angel,,,,Unverified – inferred,HQ India,deal press,C-angels,approved_high
Utsav Somani,Angel / Individual,"Pre-Seed, Seed",,Sector Agnostic,,,,AngelList India / angel,,,,Unverified – inferred,HQ India,deal press,C-angels,approved_high
Tanul Sharma,Angel / Individual,"Pre-Seed, Seed",,Sector Agnostic,,,,angel / content,,,,Unverified – inferred,HQ India,deal press,C-angels,approved_high
Ranjan Kumar,Angel / Individual,"Pre-Seed, Seed",,Sector Agnostic,,,,angel,,,,Unverified – inferred,HQ India,deal press,C-angels,approved_high
Vaibhav Domkundwar,Angel / Individual,"Pre-Seed, Seed",,Sector Agnostic,,,,Better Capital — personal angel,,,,Unverified – inferred,HQ India,deal press,C-angels,approved_high
Aakrit Vaish,Angel / Individual,"Pre-Seed, Seed",,"AI / ML, Sector Agnostic",,,,Haptik founder angel,,,,Unverified – inferred,HQ India,deal press,C-angels,approved_high
Swapan Rajdev,Angel / Individual,"Pre-Seed, Seed",,AI / ML,,,,Haptik,,,,Unverified – inferred,HQ India,deal press,C-angels,approved_high
Yash Jaluka,Angel / Individual,"Pre-Seed, Seed",,Sector Agnostic,,,,angel,,,,Unverified – inferred,HQ India,deal press,C-angels,approved_high
Rishi Bharrdwaj,Angel / Individual,"Pre-Seed, Seed",,Sector Agnostic,,,,Exfinity / angel,,,,Unverified – inferred,HQ India,deal press,C-angels,approved_high
Sateesh Andra,Angel / Individual,"Pre-Seed, Seed",,Sector Agnostic,,,,Venture Highway / angel,,,,Unverified – inferred,HQ India,deal press,C-angels,approved_high
Anand Rajaraman,Angel / Individual,"Pre-Seed, Seed",,"AI / ML, Sector Agnostic",,,,Kosmix / Cambrian — India deals,,,,Unverified – inferred,HQ India,deal press,C-angels,approved_high
Venky Harinarayan,Angel / Individual,"Pre-Seed, Seed",,Sector Agnostic,,,,Kosmix co-founder angel,,,,Unverified – inferred,HQ India,deal press,C-angels,approved_high
Jayesh Parekh,Angel / Individual,"Pre-Seed, Seed",,Sector Agnostic,,,,Jungle Ventures / Sony / angel India,,,,Unverified – inferred,HQ India,deal press,C-angels,approved_high
Maneesh Bhandari,Angel / Individual,"Pre-Seed, Seed",,Sector Agnostic,,,,Orios / personal,,,,Unverified – inferred,HQ India,deal press,C-angels,approved_high
Rehan Yar Khan,Angel / Individual,"Pre-Seed, Seed",,Sector Agnostic,,,,Orios / personal angel,,,,Unverified – inferred,HQ India,deal press,C-angels,approved_high
Suruchi Rana,Angel / Individual,"Pre-Seed, Seed",,Sector Agnostic,,,,angel,,,,Unverified – inferred,HQ India,deal press,C-angels,approved_high
Anjali Bansal,Angel / Individual,"Pre-Seed, Seed, Series A",,Sector Agnostic,,,,Avaana Capital / personal,,,,Unverified – inferred,HQ India,deal press,C-angels,approved_high
Padmaja Ruparel,Angel / Individual,"Pre-Seed, Seed",,Sector Agnostic,,,,IAN co-founder angel,,,,Unverified – inferred,HQ India,deal press,C-angels,approved_high
Saurabh Srivastava,Angel / Individual,"Pre-Seed, Seed",,Sector Agnostic,,,,IAN / TiE angel,,,,Unverified – inferred,HQ India,deal press,C-angels,approved_high
Praveen Chakravarty,Angel / Individual,"Pre-Seed, Seed",,Sector Agnostic,,,,angel / policy,,,,Unverified – inferred,HQ India,deal press,C-angels,approved_high
Luis Miranda,Angel / Individual,"Pre-Seed, Seed",,Sector Agnostic,,,,IDFC / angel,,,,Unverified – inferred,HQ India,deal press,C-angels,approved_high
Vishal Gondal,Angel / Individual,"Pre-Seed, Seed",,Gaming / Media,,,,Indiagames founder angel,,,,Unverified – inferred,HQ India,deal press,C-angels,approved_high
Naveen Gurnaney,Angel / Individual,"Pre-Seed, Seed",,Sector Agnostic,,,,angel,,,,Unverified – inferred,HQ India,deal press,C-angels,approved_high
Arihant Patni,Angel / Individual,"Pre-Seed, Seed",,Sector Agnostic,,,,Patni / angel,,,,Unverified – inferred,HQ India,deal press,C-angels,approved_high
Rishabh Mariwala,Angel / Individual,"Pre-Seed, Seed",,Consumer / D2C,,,,Sharrp / Mariwala next-gen,,,,Unverified – inferred,HQ India,deal press,C-angels,approved_high
Rajiv Mehta,Angel / Individual,"Pre-Seed, Seed",,Consumer / D2C,,,,Nike India alum / brand angel,,,,Unverified – inferred,HQ India,deal press,C-angels,approved_high
Suresh Narayanan,Angel / Individual,"Pre-Seed, Seed",,Consumer / D2C,,,,Nestlé India alum angel,,,,Unverified – inferred,HQ India,deal press,C-angels,approved_high
Pankaj Jaju,Angel / Individual,"Pre-Seed, Seed",,Sector Agnostic,,,,Aneta / angel,,,,Unverified – inferred,HQ India,deal press,C-angels,approved_high
Anuj Srivastava,Angel / Individual,"Pre-Seed, Seed",,Consumer / D2C,,,,Wearisma / D2C angel,,,,Unverified – inferred,HQ India,deal press,C-angels,approved_high
Sandeep Aggarwal,Angel / Individual,"Pre-Seed, Seed",,Consumer / D2C,,,,ShopClues founder angel,,,,Unverified – inferred,HQ India,deal press,C-angels,approved_high
Radhika Aggarwal,Angel / Individual,"Pre-Seed, Seed",,Consumer / D2C,,,,ShopClues,,,,Unverified – inferred,HQ India,deal press,C-angels,approved_high
Sanjeev Barnwal,Angel / Individual,"Pre-Seed, Seed",,Consumer / D2C,,,,Meesho co-founder angel,,,,Unverified – inferred,HQ India,deal press,C-angels,approved_high
Adwaita Nayar,Angel / Individual,"Pre-Seed, Seed",,Consumer / D2C,,,,Nykaa next-gen angel,,,,Unverified – inferred,HQ India,deal press,C-angels,approved_high
Anchit Nayar,Angel / Individual,"Pre-Seed, Seed",,Consumer / D2C,,,,Nykaa,,,,Unverified – inferred,HQ India,deal press,C-angels,approved_high
Amit Chaudhary,Angel / Individual,"Pre-Seed, Seed",,Consumer / D2C,,,,Lenskart co-founder angel,,,,Unverified – inferred,HQ India,deal press,C-angels,approved_high
Sumeet Vadera,Angel / Individual,"Pre-Seed, Seed",,Consumer / D2C,,,,Pepperfry founder angel,,,,Unverified – inferred,HQ India,deal press,C-angels,approved_high
Ambareesh Murty,Angel / Individual,"Pre-Seed, Seed",,Consumer / D2C,,,,Pepperfry,,,,Unverified – inferred,HQ India,deal press,C-angels,approved_high
Roman Saini,Angel / Individual,"Pre-Seed, Seed",,Edtech,,,,Unacademy co-founder angel,,,,Unverified – inferred,HQ India,deal press,C-angels,approved_high
Hemesh Singh,Angel / Individual,"Pre-Seed, Seed",,Edtech,,,,Unacademy,,,,Unverified – inferred,HQ India,deal press,C-angels,approved_high
Sachin Gupta,Angel / Individual,"Pre-Seed, Seed",,Edtech,,,,HackerEarth founder angel,,,,Unverified – inferred,HQ India,deal press,C-angels,approved_high
Vivek Prakash,Angel / Individual,"Pre-Seed, Seed",,Edtech,,,,HackerEarth,,,,Unverified – inferred,HQ India,deal press,C-angels,approved_high
Byju Raveendran,Angel / Individual,"Pre-Seed, Seed",,Edtech,,,,BYJU'S founder — selective angel history,,,,Unverified – inferred,HQ India,deal press,C-angels,approved_high
Divya Gokulnath,Angel / Individual,"Pre-Seed, Seed",,Edtech,,,,BYJU'S,,,,Unverified – inferred,HQ India,deal press,C-angels,approved_high
Ronnie Screwvala,Angel / Individual,"Pre-Seed, Seed, Series A",,"Edtech, Media, Impact",,,,upGrad / personal angel,,,,Unverified – inferred,HQ India,deal press,C-angels,approved_high
Zeeshan Ali Syed,Angel / Individual,"Pre-Seed, Seed",,Edtech,,,,upGrad,,,,Unverified – inferred,HQ India,deal press,C-angels,approved_high
Mayank Kumar,Angel / Individual,"Pre-Seed, Seed",,Edtech,,,,upGrad co-founder angel,,,,Unverified – inferred,HQ India,deal press,C-angels,approved_high
Phalgun Kompalli,Angel / Individual,"Pre-Seed, Seed",,Edtech,,,,upGrad,,,,Unverified – inferred,HQ India,deal press,C-angels,approved_high
Ravee Gupta,Angel / Individual,"Pre-Seed, Seed",,Edtech,,,,angel,,,,Unverified – inferred,HQ India,deal press,C-angels,approved_high
Ishan Gupta,Angel / Individual,"Pre-Seed, Seed",,Edtech,,,,Foundit / angel,,,,Unverified – inferred,HQ India,deal press,C-angels,approved_high
Karan Bajwa,Angel / Individual,"Pre-Seed, Seed",,Sector Agnostic,,,,IBM India alum angel,,,,Unverified – inferred,HQ India,deal press,C-angels,approved_high
CP Gurnani,Angel / Individual,"Pre-Seed, Seed",,Sector Agnostic,,,,Tech M alum angel,,,,Unverified – inferred,HQ India,deal press,C-angels,approved_high
Vanitha Narayanan,Angel / Individual,"Pre-Seed, Seed",,Sector Agnostic,,,,IBM alum angel,,,,Unverified – inferred,HQ India,deal press,C-angels,approved_high
Kiran Karnik,Angel / Individual,"Pre-Seed, Seed",,Sector Agnostic,,,,NASSCOM ex-president angel,,,,Unverified – inferred,HQ India,deal press,C-angels,approved_high
Azim Premji,Angel / Individual,"Pre-Seed, Seed",,Impact,,,,Selective — usually via Premji Invest,,,,Unverified – inferred,HQ India,deal press,C-angels,approved_high
Anand Mahindra,Angel / Individual,"Pre-Seed, Seed, Series A",,Sector Agnostic,,,,Personal + Mahindra ecosystem angel,,,,Unverified – inferred,HQ India,deal press,C-angels,approved_high
Vineet Rai,Angel / Individual,"Pre-Seed, Seed",,Impact,,,,Aavishkaar founder angel,,,,Unverified – inferred,HQ India,deal press,C-angels,approved_high
Urvashi Prasad,Angel / Individual,"Pre-Seed, Seed",,Impact,,,,angel,,,,Unverified – inferred,HQ India,deal press,C-angels,approved_high
Chetna Sinha,Angel / Individual,"Pre-Seed, Seed",,"Impact, Fintech",,,,Mann Deshi / impact angel,,,,Unverified – inferred,HQ India,deal press,C-angels,approved_high
Nachiket Mor,Angel / Individual,"Pre-Seed, Seed",,"Health, Fintech",,,,Impact angel,,,,Unverified – inferred,HQ India,deal press,C-angels,approved_high
Roopa Kudva,Angel / Individual,"Pre-Seed, Seed",,Impact,,,,Omidyar / personal,,,,Unverified – inferred,HQ India,deal press,C-angels,approved_high
Jayant Sinha,Angel / Individual,"Pre-Seed, Seed",,Sector Agnostic,,,,Ex-minister / PE alum angel selective,,,,Unverified – inferred,HQ India,deal press,C-angels,approved_high
Naina Lal Kidwai,Angel / Individual,"Pre-Seed, Seed",,Sector Agnostic,,,,Banking alum angel,,,,Unverified – inferred,HQ India,deal press,C-angels,approved_high
K. Vaitheeswaran,Angel / Individual,"Pre-Seed, Seed",,Consumer / D2C,,,,First ecommerce founder angel,,,,Unverified – inferred,HQ India,deal press,C-angels,approved_high
Ashish Hemrajani,Angel / Individual,"Pre-Seed, Seed",,"Consumer / D2C, Media",,,,BookMyShow founder angel,,,,Unverified – inferred,HQ India,deal press,C-angels,approved_high
Parikshit Dar,Angel / Individual,"Pre-Seed, Seed",,Media,,,,BookMyShow,,,,Unverified – inferred,HQ India,deal press,C-angels,approved_high
Kanika Tekriwal,Angel / Individual,"Pre-Seed, Seed",,"Logistics, Climate / Sustainability",,,,JetSense / aviation climate angel,,,,Unverified – inferred,HQ India,deal press,C-angels,approved_high
Richa Kar,Angel / Individual,"Pre-Seed, Seed",,Consumer / D2C,,,,Zivame founder angel,,,,Unverified – inferred,HQ India,deal press,C-angels,approved_high
Sai Srinivas Kiran G,Angel / Individual,"Pre-Seed, Seed",,Consumer / D2C,,,,Mamaearth early / angel,,,,Unverified – inferred,HQ India,deal press,C-angels,approved_high
Yashovardhan Birla,Angel / Individual,"Pre-Seed, Seed",,Sector Agnostic,,,,Birla FO angel selective,,,,Unverified – inferred,HQ India,deal press,C-angels,approved_high
Kumar Mangalam Birla,Angel / Individual,"Pre-Seed, Seed, Series A",,Sector Agnostic,,,,Usually via group — selective personal,,,,Unverified – inferred,HQ India,deal press,C-angels,approved_high
Aditya Birla,Angel / Individual,"Pre-Seed, Seed",,Sector Agnostic,,,,group — medium,,,,Unverified – inferred,HQ India,deal press,C-angels,approved_high
Shradha Sharma,Angel / Individual,"Pre-Seed, Seed",,"Media, Sector Agnostic",,,,YourStory founder angel,,,,Unverified – inferred,HQ India,deal press,C-angels,approved_high
Mahesh Murthy,Angel / Individual,"Pre-Seed, Seed",,Sector Agnostic,,,,Pinstorm / classic India angel,,,,Unverified – inferred,HQ India,deal press,C-angels,approved_high
D.A. Prasanna,Angel / Individual,"Pre-Seed, Seed",,Health,,,,Manipal / health angel,,,,Unverified – inferred,HQ India,deal press,C-angels,approved_high
Ranjan Pai,Angel / Individual,"Pre-Seed, Seed, Series A",,"Health, Edtech",,,,Manipal Education FO/angel,,,,Unverified – inferred,HQ India,deal press,C-angels,approved_high
Devi Shetty,Angel / Individual,"Pre-Seed, Seed",,Health,,,,Narayana Health founder angel,,,,Unverified – inferred,HQ India,deal press,C-angels,approved_high
Naresh Trehan,Angel / Individual,"Pre-Seed, Seed",,Health,,,,Medanta — selective,,,,Unverified – inferred,HQ India,deal press,C-angels,approved_high
Prathap C. Reddy,Angel / Individual,"Pre-Seed, Seed",,Health,,,,Apollo — selective,,,,Unverified – inferred,HQ India,deal press,C-angels,approved_high
Sangita Reddy,Angel / Individual,"Pre-Seed, Seed",,Health,,,,Apollo,,,,Unverified – inferred,HQ India,deal press,C-angels,approved_high
Shiv Nadar,Angel / Individual,"Pre-Seed, Seed, Series A",,Sector Agnostic,,,,HCL / Shiv Nadar Foundation adjacent,,,,Unverified – inferred,HQ India,deal press,C-angels,approved_high
Roshni Nadar Malhotra,Angel / Individual,"Pre-Seed, Seed",,Sector Agnostic,,,,HCL,,,,Unverified – inferred,HQ India,deal press,C-angels,approved_high
Anand Deshpande,Angel / Individual,"Pre-Seed, Seed",,SaaS / Enterprise,,,,Persistent founder angel,,,,Unverified – inferred,HQ India,deal press,C-angels,approved_high
Suresh Vaswani,Angel / Individual,"Pre-Seed, Seed",,Sector Agnostic,,,,ex-Dell / Wipro angel,,,,Unverified – inferred,HQ India,deal press,C-angels,approved_high
Som Mittal,Angel / Individual,"Pre-Seed, Seed",,Sector Agnostic,,,,NASSCOM ex-president angel,,,,Unverified – inferred,HQ India,deal press,C-angels,approved_high
Ravi Gururaj,Angel / Individual,"Pre-Seed, Seed",,SaaS / Enterprise,,,,angel / SaaS,,,,Unverified – inferred,HQ India,deal press,C-angels,approved_high
Avinash Raghava,Angel / Individual,"Pre-Seed, Seed",,SaaS / Enterprise,,,,SAASBOOMi / angel community,,,,Unverified – inferred,HQ India,deal press,C-angels,approved_high
Suresh Sambandam,Angel / Individual,"Pre-Seed, Seed",,SaaS / Enterprise,,,,Kissflow founder angel,,,,Unverified – inferred,HQ India,deal press,C-angels,approved_high
Shashank ND,Angel / Individual,"Pre-Seed, Seed",,Health,,,,Practo founder angel,,,,Unverified – inferred,HQ India,deal press,C-angels,approved_high
Abhinav Lal,Angel / Individual,"Pre-Seed, Seed",,Health,,,,Practo,,,,Unverified – inferred,HQ India,deal press,C-angels,approved_high
Prashant Tandon,Angel / Individual,"Pre-Seed, Seed",,Health,,,,1mg founder angel,,,,Unverified – inferred,HQ India,deal press,C-angels,approved_high
Dharmil Sheth,Angel / Individual,"Pre-Seed, Seed",,Health,,,,1mg,,,,Unverified – inferred,HQ India,deal press,C-angels,approved_high
Tushar Vashisht,Angel / Individual,"Pre-Seed, Seed",,Health,,,,HealthifyMe founder angel,,,,Unverified – inferred,HQ India,deal press,C-angels,approved_high
Sachin Shenoy,Angel / Individual,"Pre-Seed, Seed",,Health,,,,HealthifyMe,,,,Unverified – inferred,HQ India,deal press,C-angels,approved_high
Ankit Nagori,Angel / Individual,"Pre-Seed, Seed",,"Consumer / D2C, Health",,,,Cult.fit co-founder angel,,,,Unverified – inferred,HQ India,deal press,C-angels,approved_high
Maninder Gulati,Angel / Individual,"Pre-Seed, Seed",,Travel,,,,OYO,,,,Unverified – inferred,HQ India,deal press,C-angels,approved_high
Abhiraj Bhal,Angel / Individual,"Pre-Seed, Seed",,Consumer / D2C,,,,Urban Company co-founder angel,,,,Unverified – inferred,HQ India,deal press,C-angels,approved_high
Raghav Chandra,Angel / Individual,"Pre-Seed, Seed",,Consumer / D2C,,,,Urban Company,,,,Unverified – inferred,HQ India,deal press,C-angels,approved_high
Varun Khaitan,Angel / Individual,"Pre-Seed, Seed",,Consumer / D2C,,,,Urban Company,,,,Unverified – inferred,HQ India,deal press,C-angels,approved_high
Ninad Karpe,Angel / Individual,"Pre-Seed, Seed",,Sector Agnostic,,,,ex-CA Technologies India angel,,,,Unverified – inferred,HQ India,deal press,C-angels,approved_high
Arjun Vaidya,Angel / Individual,"Pre-Seed, Seed",,Consumer / D2C,,,,V3 / former Vaidya angel active,,,,Unverified – inferred,HQ India,deal press,C-angels,approved_high
Upasana Taku,Angel / Individual,"Pre-Seed, Seed",,Fintech,,,,Mobikwik co-founder angel,,,,Unverified – inferred,HQ India,deal press,C-angels,approved_high
Bipin Preet Singh,Angel / Individual,"Pre-Seed, Seed",,Fintech,,,,Mobikwik,,,,Unverified – inferred,HQ India,deal press,C-angels,approved_high
Harshvardhan Lunia,Angel / Individual,"Pre-Seed, Seed",,Fintech,,,,Lendingkart founder angel,,,,Unverified – inferred,HQ India,deal press,C-angels,approved_high
Vishal Mehta,Angel / Individual,"Pre-Seed, Seed",,Fintech,,,,Infinite India / angel,,,,Unverified – inferred,HQ India,deal press,C-angels,approved_high
Bhavesh Manglani,Angel / Individual,"Pre-Seed, Seed",,Logistics,,,,Delhivery co-founder angel,,,,Unverified – inferred,HQ India,deal press,C-angels,approved_high
Sahil Barua,Angel / Individual,"Pre-Seed, Seed",,Logistics,,,,Delhivery founder angel,,,,Unverified – inferred,HQ India,deal press,C-angels,approved_high
Suraj Saharan,Angel / Individual,"Pre-Seed, Seed",,Logistics,,,,Delhivery,,,,Unverified – inferred,HQ India,deal press,C-angels,approved_high
Kapil Bharati,Angel / Individual,"Pre-Seed, Seed",,Logistics,,,,Delhivery,,,,Unverified – inferred,HQ India,deal press,C-angels,approved_high
Mohit Kumar,Angel / Individual,"Pre-Seed, Seed",,Logistics,,,,FarEye founder angel,,,,Unverified – inferred,HQ India,deal press,C-angels,approved_high
Gautam Pradhan,Angel / Individual,"Pre-Seed, Seed",,Logistics,,,,angel,,,,Unverified – inferred,HQ India,deal press,C-angels,approved_high
Karan Mohla,Angel / Individual,"Pre-Seed, Seed",,"Fintech, Sector Agnostic",,,,Beenext / personal angel India,,,,Unverified – inferred,HQ India,deal press,C-angels,approved_high
Teruhide Sato,Angel / Individual,"Pre-Seed, Seed",,Sector Agnostic,,,,Beenext — India active,,,,Unverified – inferred,HQ India,deal press,C-angels,approved_high
Dheeraj Jain,Angel / Individual,"Pre-Seed, Seed",,Sector Agnostic,,,,Redcliffe / classic India angel,,,,Unverified – inferred,HQ India,deal press,C-angels,approved_high
Chaitanya Peddi,Angel / Individual,"Pre-Seed, Seed",,Health,,,,Doctiger / health angel,,,,Unverified – inferred,HQ India,deal press,C-angels,approved_high
Prashant Pansare,Angel / Individual,"Pre-Seed, Seed",,Sector Agnostic,,,,IBM / SoftCell angel,,,,Unverified – inferred,HQ India,deal press,C-angels,approved_high
Jagdish Mitra,Angel / Individual,"Pre-Seed, Seed",,Sector Agnostic,,,,Tech M / angel,,,,Unverified – inferred,HQ India,deal press,C-angels,approved_high
Sanjay Nayar,Angel / Individual,"Pre-Seed, Seed, Series A",,Sector Agnostic,,,,Kedaara / ex-Citi — personal selective,,,,Unverified – inferred,HQ India,deal press,C-angels,approved_high
B.V.R. Mohan Reddy,Angel / Individual,"Pre-Seed, Seed",,Deep Tech,,,,Cyient founder angel,,,,Unverified – inferred,HQ India,deal press,C-angels,approved_high
Srini Raju,Angel / Individual,"Pre-Seed, Seed",,Sector Agnostic,,,,Peepul / iLabs angel,,,,Unverified – inferred,HQ India,deal press,C-angels,approved_high
Bala Girisaballa,Angel / Individual,"Pre-Seed, Seed",,Sector Agnostic,,,,angel,,,,Unverified – inferred,HQ India,deal press,C-angels,approved_high
J.A. Chowdary,Angel / Individual,"Pre-Seed, Seed",,Sector Agnostic,,,,Hyderabad angel classic,,,,Unverified – inferred,HQ India,deal press,C-angels,approved_high
Saikrishna Rajagopal,Angel / Individual,"Pre-Seed, Seed",,Sector Agnostic,,,,angel,,,,Unverified – inferred,HQ India,deal press,C-angels,approved_high
Raju Reddy,Angel / Individual,"Pre-Seed, Seed",,Sector Agnostic,,,,Sierra Atlantic / angel,,,,Unverified – inferred,HQ India,deal press,C-angels,approved_high
Sanjay Deshmukh,Angel / Individual,"Pre-Seed, Seed",,Sector Agnostic,,,,angel,,,,Unverified – inferred,HQ India,deal press,C-angels,approved_high
Vivek Raghavan,Angel / Individual,"Pre-Seed, Seed",,"Deep Tech, Fintech",,,,Aadhaar / EkStep angel,,,,Unverified – inferred,HQ India,deal press,C-angels,approved_high
Pramod Varma,Angel / Individual,"Pre-Seed, Seed",,Deep Tech,,,,Aadhaar chief architect angel,,,,Unverified – inferred,HQ India,deal press,C-angels,approved_high
Tamiliniyan Natarajan,Angel / Individual,"Pre-Seed, Seed",,Sector Agnostic,,,,angel,,,,Unverified – inferred,HQ India,deal press,C-angels,approved_high
Mekin Maheshwari,Angel / Individual,"Pre-Seed, Seed",,"Edtech, Sector Agnostic",,,,Udhyam / Flipkart alum angel,,,,Unverified – inferred,HQ India,deal press,C-angels,approved_high
Neeraj Kakkar,Angel / Individual,"Pre-Seed, Seed",,Consumer / D2C,,,,Hector Beverages (Paperboat) angel,,,,Unverified – inferred,HQ India,deal press,C-angels,approved_high
James Nuttall,Angel / Individual,"Pre-Seed, Seed",,Consumer / D2C,,,,Paperboat,,,,Unverified – inferred,HQ India,deal press,C-angels,approved_high
Siddharth Sharma,Angel / Individual,"Pre-Seed, Seed",,Consumer / D2C,,,,angel,,,,Unverified – inferred,HQ India,deal press,C-angels,approved_high
Kaushik Mukherjee,Angel / Individual,"Pre-Seed, Seed",,Consumer / D2C,,,,angel,,,,Unverified – inferred,HQ India,deal press,C-angels,approved_high
Rohit JM,Angel / Individual,"Pre-Seed, Seed",,Consumer / D2C,,,,D2C angel,,,,Unverified – inferred,HQ India,deal press,C-angels,approved_high
Ananth Narayanan,Angel / Individual,"Pre-Seed, Seed",,Consumer / D2C,,,,ex-Myntra CEO angel,,,,Unverified – inferred,HQ India,deal press,C-angels,approved_high
Ashutosh Lawania,Angel / Individual,"Pre-Seed, Seed",,Consumer / D2C,,,,Myntra co-founder angel,,,,Unverified – inferred,HQ India,deal press,C-angels,approved_high
Vineet Saxena,Angel / Individual,"Pre-Seed, Seed",,Consumer / D2C,,,,Myntra,,,,Unverified – inferred,HQ India,deal press,C-angels,approved_high
Manish Tiwary,Angel / Individual,"Pre-Seed, Seed",,Consumer / D2C,,,,Amazon India alum angel,,,,Unverified – inferred,HQ India,deal press,C-angels,approved_high
Amit Agarwal,Angel / Individual,"Pre-Seed, Seed",,Consumer / D2C,,,,Amazon India SVP alum angel,,,,Unverified – inferred,HQ India,deal press,C-angels,approved_high
Samir Chaube,Angel / Individual,"Pre-Seed, Seed",,Sector Agnostic,,,,angel,,,,Unverified – inferred,HQ India,deal press,C-angels,approved_high
Pankaj Sahni,Angel / Individual,"Pre-Seed, Seed",,Sector Agnostic,,,,angel,,,,Unverified – inferred,HQ India,deal press,C-angels,approved_high
Rishi Navani,Angel / Individual,"Pre-Seed, Seed",,Sector Agnostic,,,,Angel / FO India,,,,Unverified – inferred,HQ India,deal press,C-angels,approved_high
Rahul Khanna,Angel / Individual,"Pre-Seed, Seed",,Sector Agnostic,,,,India Alternatives / angel,,,,Unverified – inferred,HQ India,deal press,C-angels,approved_high
Akhil Gupta,Angel / Individual,"Pre-Seed, Seed",,Sector Agnostic,,,,Bharti / angel selective,,,,Unverified – inferred,HQ India,deal press,C-angels,approved_high
Rajiv Bapna,Angel / Individual,"Pre-Seed, Seed",,Sector Agnostic,,,,angel,,,,Unverified – inferred,HQ India,deal press,C-angels,approved_high
Sandeep Singhal,Angel / Individual,"Pre-Seed, Seed",,Sector Agnostic,,,,Nexus partner personal angel,,,,Unverified – inferred,HQ India,deal press,C-angels,approved_high
Naveen Aggarwal,Angel / Individual,"Pre-Seed, Seed",,Sector Agnostic,,,,angel,,,,Unverified – inferred,HQ India,deal press,C-angels,approved_high
Jishnu Bhattacharjee,Angel / Individual,"Pre-Seed, Seed",,Sector Agnostic,,,,Nexus partner personal,,,,Unverified – inferred,HQ India,deal press,C-angels,approved_high
Mohit Bhatnagar,Angel / Individual,"Pre-Seed, Seed",,Sector Agnostic,,,,Peak XV partner personal angel,,,,Unverified – inferred,HQ India,deal press,C-angels,approved_high
Sumir Chadha,Angel / Individual,"Pre-Seed, Seed, Series A",,Sector Agnostic,,,,WestBridge personal selective,,,,Unverified – inferred,HQ India,deal press,C-angels,approved_high
Uday Kotak,Angel / Individual,"Pre-Seed, Seed, Series A",,Fintech,,,,Selective personal / FO,,,,Unverified – inferred,HQ India,deal press,C-angels,approved_high
Aditya Puri,Angel / Individual,"Pre-Seed, Seed",,Fintech,,,,ex-HDFC Bank selective,,,,Unverified – inferred,HQ India,deal press,C-angels,approved_high
K.V. Kamath,Angel / Individual,"Pre-Seed, Seed, Series A",,Fintech,,,,ex-ICICI / NYDFC selective angel,,,,Unverified – inferred,HQ India,deal press,C-angels,approved_high
O.P. Bhatt,Angel / Individual,"Pre-Seed, Seed",,Sector Agnostic,,,,ex-SBI selective,,,,Unverified – inferred,HQ India,deal press,C-angels,approved_high
Deepak Parekh,Angel / Individual,"Pre-Seed, Seed, Series A",,Sector Agnostic,,,,HDFC — classic India angel/board,,,,Unverified – inferred,HQ India,deal press,C-angels,approved_high
Nasser Munjee,Angel / Individual,"Pre-Seed, Seed",,Sector Agnostic,,,,angel / board,,,,Unverified – inferred,HQ India,deal press,C-angels,approved_high
Farhad Forbes,Angel / Individual,"Pre-Seed, Seed",,Sector Agnostic,,,,Forbes Marshall / angel,,,,Unverified – inferred,HQ India,deal press,C-angels,approved_high
Bahram Vakil,Angel / Individual,"Pre-Seed, Seed",,Sector Agnostic,,,,AZB angel selective,,,,Unverified – inferred,HQ India,deal press,C-angels,approved_high
Nishith Desai,Angel / Individual,"Pre-Seed, Seed",,Sector Agnostic,,,,Legal — selective angel,,,,Unverified – inferred,HQ India,deal press,C-angels,approved_high
Arun Thukral,Angel / Individual,"Pre-Seed, Seed",,Fintech,,,,Angel / capital markets,,,,Unverified – inferred,HQ India,deal press,C-angels,approved_high
Vivek Shah,Angel / Individual,"Pre-Seed, Seed",,Sector Agnostic,,,,angel,,,,Unverified – inferred,HQ India,deal press,C-angels,approved_high
Shivakumar,Angel / Individual,"Pre-Seed, Seed",,Consumer / D2C,,,,PepsiCo India alum angel,,,,Unverified – inferred,HQ India,deal press,C-angels,approved_high
Manu Jain,Angel / Individual,"Pre-Seed, Seed",,Consumer / D2C,,,,Xiaomi India alum angel,,,,Unverified – inferred,HQ India,deal press,C-angels,approved_high
Pranay Chulet,Angel / Individual,"Pre-Seed, Seed",,Consumer / D2C,,,,Quikr founder angel,,,,Unverified – inferred,HQ India,deal press,C-angels,approved_high
Rajat Agarwal,Angel / Individual,"Pre-Seed, Seed",,Consumer / D2C,,,,Quikr,,,,Unverified – inferred,HQ India,deal press,C-angels,approved_high
Farid Ahsan,Angel / Individual,"Pre-Seed, Seed",,Consumer / D2C,,,,ShareChat co-founder angel,,,,Unverified – inferred,HQ India,deal press,C-angels,approved_high
Ankush Sachdeva,Angel / Individual,"Pre-Seed, Seed",,"Consumer / D2C, Media",,,,ShareChat founder angel,,,,Unverified – inferred,HQ India,deal press,C-angels,approved_high
Bhanu Pratap Singh,Angel / Individual,"Pre-Seed, Seed",,Media,,,,ShareChat,,,,Unverified – inferred,HQ India,deal press,C-angels,approved_high
Apoorva Goyal,Angel / Individual,"Pre-Seed, Seed",,Consumer / D2C,,,,angel,,,,Unverified – inferred,HQ India,deal press,C-angels,approved_high
Akshay BK,Angel / Individual,"Pre-Seed, Seed",,Consumer / D2C,,,,Licious co-founder angel,,,,Unverified – inferred,HQ India,deal press,C-angels,approved_high
Vivek Gupta,Angel / Individual,"Pre-Seed, Seed",,Consumer / D2C,,,,Licious,,,,Unverified – inferred,HQ India,deal press,C-angels,approved_high
Abhay Hanjura,Angel / Individual,"Pre-Seed, Seed",,Consumer / D2C,,,,Licious,,,,Unverified – inferred,HQ India,deal press,C-angels,approved_high
Saurabh Kumar,Angel / Individual,"Pre-Seed, Seed",,Climate / Sustainability,,,,Battery / climate angel,,,,Unverified – inferred,HQ India,deal press,C-angels,approved_high
Om Manawat,Angel / Individual,"Pre-Seed, Seed",,Sector Agnostic,,,,angel,,,,Unverified – inferred,HQ India,deal press,C-angels,approved_high
Nitin Gupta,Angel / Individual,"Pre-Seed, Seed",,Fintech,,,,Unacademy? / fintech — Falconize / angel,,,,Unverified – inferred,HQ India,deal press,C-angels,approved_high
Prerna Arora,Angel / Individual,"Pre-Seed, Seed",,Media,,,,angel,,,,Unverified – inferred,HQ India,deal press,C-angels,approved_high
Ashish Choudhary,Angel / Individual,"Pre-Seed, Seed",,Fintech,,,,Lending / angel,,,,Unverified – inferred,HQ India,deal press,C-angels,approved_high
Tushar Choudhary,Angel / Individual,"Pre-Seed, Seed",,Sector Agnostic,,,,angel,,,,Unverified – inferred,HQ India,deal press,C-angels,approved_high
Anjali Bendewar,Angel / Individual,"Pre-Seed, Seed",,Sector Agnostic,,,,angel,,,,Unverified – inferred,HQ India,deal press,C-angels,approved_high
Meher Pudumjee,Angel / Individual,"Pre-Seed, Seed",,Climate / Sustainability,,,,Thermax / climate angel,,,,Unverified – inferred,HQ India,deal press,C-angels,approved_high
Anu Aga,Angel / Individual,"Pre-Seed, Seed",,Impact,,,,Thermax — selective,,,,Unverified – inferred,HQ India,deal press,C-angels,approved_high
Rati Forbes,Angel / Individual,"Pre-Seed, Seed",,Impact,,,,Forbes Foundation / angel,,,,Unverified – inferred,HQ India,deal press,C-angels,approved_high
Swati Piramal,Angel / Individual,"Pre-Seed, Seed",,Health,,,,Piramal — selective,,,,Unverified – inferred,HQ India,deal press,C-angels,approved_high
Ajay Piramal,Angel / Individual,"Pre-Seed, Seed, Series A",,Sector Agnostic,,,,Piramal — selective personal,,,,Unverified – inferred,HQ India,deal press,C-angels,approved_high
Shobhana Bhartia,Angel / Individual,"Pre-Seed, Seed",,Media,,,,HT Media selective,,,,Unverified – inferred,HQ India,deal press,C-angels,approved_high
Vineet Jain,Angel / Individual,"Pre-Seed, Seed",,Media,,,,Times Group selective,,,,Unverified – inferred,HQ India,deal press,C-angels,approved_high
Samir Jain,Angel / Individual,"Pre-Seed, Seed",,Media,,,,Times Group,,,,Unverified – inferred,HQ India,deal press,C-angels,approved_high
Karan Johar,Angel / Individual,"Pre-Seed, Seed",,"Media, Consumer / D2C",,,,Entertainment angel selective,,,,Unverified – inferred,HQ India,deal press,C-angels,approved_high
Ritesh Sidhwani,Angel / Individual,"Pre-Seed, Seed",,Media,,,,Excel Entertainment angel,,,,Unverified – inferred,HQ India,deal press,C-angels,approved_high
Farhan Akhtar,Angel / Individual,"Pre-Seed, Seed",,Media,,,,Excel — selective,,,,Unverified – inferred,HQ India,deal press,C-angels,approved_high
MS Dhoni,Angel / Individual,"Pre-Seed, Seed",,"Consumer / D2C, Sector Agnostic",,,,Public startup angel investments,,,,Unverified – inferred,HQ India,deal press,C-angels,approved_high
Sachin Tendulkar,Angel / Individual,"Pre-Seed, Seed",,Consumer / D2C,,,,Selective brand angel,,,,Unverified – inferred,HQ India,deal press,C-angels,approved_high
Virender Sehwag,Angel / Individual,"Pre-Seed, Seed",,Consumer / D2C,,,,Selective,,,,Unverified – inferred,HQ India,deal press,C-angels,approved_high
Rahul Dravid,Angel / Individual,"Pre-Seed, Seed",,Sector Agnostic,,,,Selective,,,,Unverified – inferred,HQ India,deal press,C-angels,approved_high
Mary Kom,Angel / Individual,"Pre-Seed, Seed",,Consumer / D2C,,,,Selective,,,,Unverified – inferred,HQ India,deal press,C-angels,approved_high
PV Sindhu,Angel / Individual,"Pre-Seed, Seed",,Consumer / D2C,,,,Selective,,,,Unverified – inferred,HQ India,deal press,C-angels,approved_high
